N,scorer,selected_score_mean,selected_imagined_score_mean,selected_real_utility_mean,oracle_real_utility_mean,generated_future_diversity,upper_tail_rank_correlation,imagined_real_tail_gap,oracle_gap,exact_law_prediction_error,high_n_regret,deployment_gate,gate_reason,seed,experiment,generator,denoising_steps
1,raw,-0.10613517467087756,-0.10613517467087756,-0.08760244836836743,-0.08760244836836743,0.0,0.0,-0.018532726302510127,0.0,0.5167691093192085,0.0,allow_high_n,utility_improves_with_confidence,0,controlled,good,8
2,raw,0.25877634063363075,0.25877634063363075,0.24514152854681015,0.2462624857823054,0.8727925166487692,0.0,0.013634812086820602,0.0011209572354952402,0.410756639205714,0.0,allow_high_n,utility_improves_with_confidence,0,controlled,good,8
4,raw,0.5130669257293144,0.5130669257293144,0.49055761098861694,0.49715666969617206,0.7277096327394247,0.0,0.022509314740697544,0.006599058707555117,0.2367067820435654,0.0,allow_high_n,utility_improves_with_confidence,0,controlled,good,8
8,raw,0.7740639001131058,0.7740639001131058,0.745461684341232,0.7531320831427971,0.725412296007077,0.7499999999999999,0.024831197534998257,0.00767039880156517,0.14269883017134993,0.0,allow_high_n,utility_improves_with_confidence,0,controlled,good,8
16,raw,0.9303920175880194,0.9303920175880194,0.9002525738130013,0.9105312656611204,0.7062100484967232,0.7749999999999999,0.019778122504552204,0.010278691848119137,0.07444232574636404,0.0,allow_high_n,utility_improves_with_confidence,0,controlled,good,8
32,raw,0.9930992312729359,0.9930992312729359,0.9385606160697838,0.9549766913987696,0.7073271455864111,0.7490079365079366,0.021423120769516874,0.016416075328985813,0.056815502215503966,0.0,allow_high_n,utility_improves_with_confidence,0,controlled,good,8
64,raw,1.0393719306836526,1.0393719306836526,0.9629057923642298,0.9954514508135617,0.7109680285056431,0.7383578431372548,0.014179054445776273,0.03254565844933188,0.030782763338810092,0.0,allow_high_n,utility_improves_with_confidence,0,controlled,good,8
1,raw,-0.20526444663604101,-0.20526444663604101,-0.22105125027398267,-0.22105125027398267,0.0,0.0,0.015786803637941677,0.0,0.5465871891422012,0.0,allow_high_n,utility_improves_with_confidence,1,controlled,good,8
2,raw,0.20349376214047274,0.20349376214047274,0.19794154788057008,0.19794154788057008,0.6643980663580198,0.0,0.0055522142599026365,0.0,0.42526051682656646,0.0,allow_high_n,utility_improves_with_confidence,1,controlled,good,8
4,raw,0.5844905797081689,0.5844905797081689,0.5803958317264915,0.5876695107047757,0.6188773417224486,0.0,0.004094747981677453,0.007273678978284237,0.2887012928907855,0.0,allow_high_n,utility_improves_with_confidence,1,controlled,good,8
8,raw,0.8451158793177456,0.8451158793177456,0.832535905453066,0.8494483872006336,0.6621812202036382,0.5833333333333333,0.008505198367250463,0.016912481747567654,0.17180332896952535,0.0,allow_high_n,utility_improves_with_confidence,1,controlled,good,8
16,raw,0.9145839653598765,0.9145839653598765,0.8798536560498178,0.9116123548398415,0.6453527537484964,0.7166666666666667,0.009591000600873182,0.03175869879002369,0.11086898048871514,0.0,allow_high_n,utility_improves_with_confidence,1,controlled,good,8
32,raw,0.9774666947002212,0.9774666947002212,0.9140970166772604,0.9481309914651016,0.6566275825103123,0.7628968253968255,0.017281362233916298,0.034033974787841204,0.06346874110004735,0.0,allow_high_n,utility_improves_with_confidence,1,controlled,good,8
64,raw,1.0359884444624186,1.0359884444624186,0.9712914496970674,0.9929172725727161,0.6578280774255593,0.7737745098039216,0.0166120821571288,0.021625822875648737,0.03260845442342363,0.0,allow_high_n,utility_improves_with_confidence,1,controlled,good,8
1,raw,0.12184328391837577,0.12184328391837577,0.08969510439783335,0.08969510439783335,0.0,0.0,0.03214817952054242,0.0,0.6305423323747542,0.0,allow_high_n,utility_improves_with_confidence,2,controlled,good,8
2,raw,0.4636419774809231,0.4636419774809231,0.42925140851487714,0.4300001719966531,0.605965021190544,0.0,0.034390568966045976,0.0007487634817759381,0.42623755501760446,0.0,allow_high_n,utility_improves_with_confidence,2,controlled,good,8
4,raw,0.7691249574224154,0.7691249574224154,0.7538831047713757,0.7638883652786413,0.7407119259238243,0.0,0.015241852651039759,0.01000526050726569,0.16879542242703524,0.0,allow_high_n,utility_improves_with_confidence,2,controlled,good,8
8,raw,0.8958925704161326,0.8958925704161326,0.8761007189750671,0.8808144852519035,0.7081758148968221,0.7499999999999999,0.018670485044519108,0.004713766276836395,0.10669027531933654,0.0,allow_high_n,utility_improves_with_confidence,2,controlled,good,8
16,raw,0.9949539573863149,0.9949539573863149,0.9708963220473379,0.9797247608657926,0.7061559485892456,0.6583333333333333,0.024709336129793275,0.008828438818454742,0.06702669260278556,0.0,allow_high_n,utility_improves_with_confidence,2,controlled,good,8
32,raw,1.0563257184500496,1.0563257184500496,1.0042042916174978,1.0210286537961413,0.7088027666012445,0.7113095238095238,0.01826134788764951,0.01682436217864347,0.03942665537282164,0.0,allow_high_n,utility_improves_with_confidence,2,controlled,good,8
64,raw,1.0874211279054482,1.0874211279054482,1.0159326090166967,1.0483134035021067,0.7038042133053143,0.733578431372549,0.015303522731604366,0.03238079448540998,0.019666995255945747,0.0,allow_high_n,utility_improves_with_confidence,2,controlled,good,8
1,raw,-0.057528237268949546,-0.057528237268949546,-0.03674956799174348,-0.03674956799174348,0.0,0.0,-0.020778669277206063,0.0,0.5665902987138907,0.0,allow_high_n,utility_improves_with_confidence,3,controlled,good,8
2,raw,0.3825936761374275,0.3825936761374275,0.3967455994958679,0.3967455994958679,0.8803017193257497,0.0,-0.0141519233584404,0.0,0.4030783571156415,0.0,allow_high_n,utility_improves_with_confidence,3,controlled,good,8
4,raw,0.6090654227882624,0.6090654227882624,0.5936391828581691,0.6008219771708051,0.6992016171415646,0.0,0.015426239930093288,0.0071827943126360205,0.2607663811912811,0.0,allow_high_n,utility_improves_with_confidence,3,controlled,good,8
8,raw,0.8675158697490891,0.8675158697490891,0.8521713867473105,0.8707411964423954,0.7070537748436134,0.49999999999999994,0.005701122106984258,0.018569809695084927,0.1336867175335137,0.0,allow_high_n,utility_improves_with_confidence,3,controlled,good,8
16,raw,0.9797281930223107,0.9797281930223107,0.9329236315873762,0.9528587154733638,0.667675464351972,0.5750000000000001,0.01302561400613437,0.019935083885987526,0.06745438722072983,0.0,allow_high_n,utility_improves_with_confidence,3,controlled,good,8
32,raw,1.0067800665274262,1.0067800665274262,0.967002694029361,0.9821670022793114,0.6786196090281008,0.8373015873015873,0.009793386231952658,0.015164308249950409,0.04508935508915294,0.0,allow_high_n,utility_improves_with_confidence,3,controlled,good,8
64,raw,1.0364192553485434,1.0364192553485434,0.9749335420977635,1.002584039233625,0.6861034095287323,0.8428921568627451,0.010278391993779223,0.02765049713586143,0.0240886463577083,0.0,allow_high_n,utility_improves_with_confidence,3,controlled,good,8
1,raw,0.4989919600387414,0.4989919600387414,-0.08760244836836743,-0.08760244836836743,0.0,0.0,0.5865944084071089,0.0,0.5167691093192085,0.0,collect_pilot_labels,pilot_labels_needed,0,controlled,optimistic,8
2,raw,0.8408610460658869,0.8408610460658869,0.21183512173593044,0.2462624857823054,0.9472311748812595,0.0,0.6290259243299564,0.03442736404637495,0.3873754158326115,0.0,collect_pilot_labels,pilot_labels_needed,0,controlled,optimistic,8
4,raw,1.0550152212381363,1.0550152212381363,0.30074422620236874,0.49715666969617206,0.8211779728531837,0.0,0.7542709950357676,0.19641244349380332,0.31698304760043566,0.0,collect_pilot_labels,pilot_labels_needed,0,controlled,optimistic,8
8,raw,1.1602828949689865,1.1602828949689865,0.4277569316327572,0.7531320831427971,0.7811700532833736,0.04166666666666666,0.6957277345160643,0.32537515151003993,0.22362392443977028,0.0,collect_pilot_labels,pilot_labels_needed,0,controlled,optimistic,8
16,raw,1.2481060574452083,1.2481060574452083,0.5784240749975046,0.9105312656611204,0.7489773198962212,0.16925563385947406,0.6133583914488554,0.3321071906636158,0.170455509948912,0.0,collect_pilot_labels,pilot_labels_needed,0,controlled,optimistic,8
32,raw,1.3266784995794296,1.3266784995794296,0.5858376895387968,0.9549766913987696,0.7453004737695057,0.24034983440363714,0.6557117203095307,0.36913900185997284,0.17711423118083527,0.0,collect_pilot_labels,pilot_labels_needed,0,controlled,optimistic,8
64,raw,1.3757780243953068,1.3757780243953068,0.5037656898299853,0.9954514508135617,0.7480394452810287,0.249660150317629,0.6534491898880029,0.4916857609835764,0.09210248921755802,0.08207199970881152,collect_pilot_labels,pilot_labels_needed,0,controlled,optimistic,8
1,raw,0.5521453561959788,0.5521453561959788,-0.22105125027398267,-0.22105125027398267,0.0,0.0,0.7731966064699615,0.0,0.5465871891422012,0.0,collect_pilot_labels,pilot_labels_needed,1,controlled,optimistic,8
2,raw,0.8694935077801347,0.8694935077801347,0.09837685090800126,0.19794154788057008,0.8718607032671569,0.0,0.7711166568721334,0.09956469697256883,0.4348694709058627,0.0,collect_pilot_labels,pilot_labels_needed,1,controlled,optimistic,8
4,raw,1.0571465541919072,1.0571465541919072,0.38052847717578214,0.5876695107047757,0.7675939559936523,0.0,0.6766180770161251,0.20714103352899355,0.40459936270833685,0.0,collect_pilot_labels,pilot_labels_needed,1,controlled,optimistic,8
8,raw,1.180920680363973,1.180920680363973,0.3730261436042686,0.8494483872006336,0.7890824618438881,-9.25185853854297e-18,0.7211947242418925,0.47642224359636504,0.37624820810777604,0.007502333571513531,collect_pilot_labels,pilot_labels_needed,1,controlled,optimistic,8
16,raw,1.2933767934640248,1.2933767934640248,0.5066914142419895,0.9116123548398415,0.779787988960743,0.27635231383473646,0.7528708864701912,0.404920940597852,0.2758072507596716,0.0,collect_pilot_labels,pilot_labels_needed,1,controlled,optimistic,8
32,raw,1.3423574070135753,1.3423574070135753,0.5089874447633823,0.9481309914651016,0.7641385714213053,0.3103638421548976,0.7949003580045731,0.4391435467017193,0.22579043141246977,0.0,collect_pilot_labels,pilot_labels_needed,1,controlled,optimistic,8
64,raw,1.3958935489257176,1.3958935489257176,0.29233836382627487,0.9929172725727161,0.7684255078434944,0.273387329286472,0.8367326465910688,0.7005789087464412,0.15129368151322367,0.21664908093710744,collect_pilot_labels,pilot_labels_needed,1,controlled,optimistic,8
1,raw,0.6938586936642727,0.6938586936642727,0.08969510439783335,0.08969510439783335,0.0,0.0,0.6041635892664393,0.0,0.6305423323747542,0.0,allow_high_n,utility_improves_with_confidence,2,controlled,optimistic,8
2,raw,0.8598110297073921,0.8598110297073921,0.2759814557308952,0.4300001719966531,0.6838675564775863,0.0,0.5838295739764968,0.15401871626575786,0.5395463901129572,0.0,allow_high_n,utility_improves_with_confidence,2,controlled,optimistic,8
4,raw,1.0583086647093296,1.0583086647093296,0.5606268138314286,0.7638883652786413,0.7606262444208065,0.0,0.4976818508779009,0.2032615514472127,0.3817359486472522,0.0,allow_high_n,utility_improves_with_confidence,2,controlled,optimistic,8
8,raw,1.1754081149895985,1.1754081149895985,0.6345228056112925,0.8808144852519035,0.7356463042398295,0.3333333333333333,0.4255931321531534,0.24629167964061105,0.26558340253951546,0.0,allow_high_n,utility_improves_with_confidence,2,controlled,optimistic,8
16,raw,1.250725766023,1.250725766023,0.6319973394274712,0.9797247608657926,0.7422004183133444,0.14031435283193017,0.4219385903949539,0.34772742143832147,0.2208505089578208,0.0025254661838213233,allow_high_n,utility_improves_with_confidence,2,controlled,optimistic,8
32,raw,1.3218180189530055,1.3218180189530055,0.7663666382431984,1.0210286537961413,0.740584336966276,0.17238708233444253,0.4373065974699178,0.2546620155529429,0.11342014737499544,0.0,allow_high_n,utility_improves_with_confidence,2,controlled,optimistic,8
64,raw,1.3719153106212616,1.3719153106212616,0.8148600111405054,1.0483134035021067,0.7407095342874527,0.3762003342259614,0.4507203050258492,0.23345339236160123,0.057731878206232434,0.0,allow_high_n,utility_improves_with_confidence,2,controlled,optimistic,8
1,raw,0.581712648893396,0.581712648893396,-0.03674956799174348,-0.03674956799174348,0.0,0.0,0.6184622168851396,0.0,0.5665902987138907,0.0,collect_pilot_labels,pilot_labels_needed,3,controlled,optimistic,8
2,raw,0.949384572605292,0.949384572605292,0.3739943675075968,0.3967455994958679,0.9005334043254454,0.0,0.5753902050976952,0.022751231988271114,0.4139760121420674,0.0,collect_pilot_labels,pilot_labels_needed,3,controlled,optimistic,8
4,raw,1.0547061450779438,1.0547061450779438,0.4601716973508398,0.6008219771708051,0.7778214313089847,0.0,0.5945344477271041,0.1406502798199653,0.3618009106772486,0.0,collect_pilot_labels,pilot_labels_needed,3,controlled,optimistic,8
8,raw,1.1954314932227135,1.1954314932227135,0.6036381386220455,0.8707411964423954,0.8029871736963591,0.0,0.5814524733771881,0.26710305782034993,0.2665434514834173,0.0,collect_pilot_labels,pilot_labels_needed,3,controlled,optimistic,8
16,raw,1.2944251348574956,1.2944251348574956,0.7522664678593477,0.9528587154733638,0.7563543409109116,0.2010584721149382,0.5620804227267703,0.20059224761401606,0.2432951628832051,0.0,collect_pilot_labels,pilot_labels_needed,3,controlled,optimistic,8
32,raw,1.3205626606941223,1.3205626606941223,0.5847411826252937,0.9821670022793114,0.748989914357662,0.3520135806469349,0.5943295604277713,0.3974258196540177,0.2429584583548174,0.16752528523405397,collect_pilot_labels,pilot_labels_needed,3,controlled,optimistic,8
64,raw,1.357538064320882,1.357538064320882,0.5206670165061951,1.002584039233625,0.7512457554539044,0.3185503219118302,0.6211485302483197,0.48191702272742987,0.06502267489845788,0.23159945135315263,collect_pilot_labels,pilot_labels_needed,3,controlled,optimistic,8
1,raw,0.6054242737833798,0.6054242737833798,-0.08760244836836743,-0.08760244836836743,0.0,0.0,0.6930267221517473,0.0,0.5167691093192085,0.0,collect_pilot_labels,pilot_labels_needed,0,controlled,mode_collapsed,8
2,raw,1.0350783603886764,1.0350783603886764,0.20876572964092097,0.2462624857823054,1.0808015783627827,0.0,0.8263126307477554,0.037496756141384424,0.39185091147985557,0.0,collect_pilot_labels,pilot_labels_needed,0,controlled,mode_collapsed,8
4,raw,1.2878301814198494,1.2878301814198494,0.3135966348151366,0.49715666969617206,0.9559231559435526,0.0,0.9742335466047128,0.18356003488103545,0.30688699970555516,0.0,collect_pilot_labels,pilot_labels_needed,0,controlled,mode_collapsed,8
8,raw,1.391483371456464,1.391483371456464,0.45374438539147377,0.7531320831427971,0.9116530175010364,0.29166666666666663,0.9856478072082003,0.29938769775132335,0.22424840550568806,0.0,collect_pilot_labels,pilot_labels_needed,0,controlled,mode_collapsed,8
16,raw,1.4855893502632778,1.4855893502632778,0.6063802130520344,0.9105312656611204,0.8756201754013698,0.37454922872175445,0.8768734478702148,0.30415105260908604,0.1662457579951549,0.0,collect_pilot_labels,pilot_labels_needed,0,controlled,mode_collapsed,8
32,raw,1.55080180366834,1.55080180366834,0.6103236352403959,0.9549766913987696,0.8745089714725811,0.28689077485236647,0.8909828157629818,0.3446530561583737,0.14892907376618378,0.0,collect_pilot_labels,pilot_labels_needed,0,controlled,mode_collapsed,8
64,raw,1.5889059354861577,1.5889059354861577,0.518225277463595,0.9954514508135617,0.8806381831566492,0.3151294864204709,0.8904985832438493,0.47722617334996664,0.0941288125162093,0.09209835777680087,collect_pilot_labels,pilot_labels_needed,0,controlled,mode_collapsed,8
1,raw,0.5417265535797924,0.5417265535797924,-0.22105125027398267,-0.22105125027398267,0.0,0.0,0.762777803853775,0.0,0.5465871891422012,0.0,collect_pilot_labels,pilot_labels_needed,1,controlled,mode_collapsed,8
2,raw,1.0190126298305888,1.0190126298305888,0.09837685090800126,0.19794154788057008,1.0362502915163834,0.0,0.9206357789225876,0.09956469697256883,0.43105079793955053,0.0,collect_pilot_labels,pilot_labels_needed,1,controlled,mode_collapsed,8
4,raw,1.2450255751609802,1.2450255751609802,0.3867937175867458,0.5876695107047757,0.9120240705708662,0.0,0.8582318575742344,0.2008757931180299,0.40159608565524724,0.0,collect_pilot_labels,pilot_labels_needed,1,controlled,mode_collapsed,8
8,raw,1.3711542785167694,1.3711542785167694,0.4309774339199066,0.8494483872006336,0.936285785585642,0.16666666666666663,0.9286433595698327,0.41847095328072703,0.4002754796183199,0.0,collect_pilot_labels,pilot_labels_needed,1,controlled,mode_collapsed,8
16,raw,1.4874655654033024,1.4874655654033024,0.5085465802500645,0.9116123548398415,0.9221552426616352,0.4474110328071926,0.9348979392477,0.403065774589777,0.2977415281724069,0.0,collect_pilot_labels,pilot_labels_needed,1,controlled,mode_collapsed,8
32,raw,1.5263618578513463,1.5263618578513463,0.6265036364396414,0.9481309914651016,0.9054014652967451,0.32346873234839524,0.985527664005834,0.32162735502546025,0.25829451132327025,0.0,collect_pilot_labels,pilot_labels_needed,1,controlled,mode_collapsed,8
64,raw,1.5696642597516377,1.5696642597516377,0.38636257996161777,0.9929172725727161,0.9092578401168186,0.30949674591560605,1.0306707332153262,0.6065546926110983,0.14650833653623055,0.24014105647802358,collect_pilot_labels,pilot_labels_needed,1,controlled,mode_collapsed,8
1,raw,0.7379295631932715,0.7379295631932715,0.08969510439783335,0.08969510439783335,0.0,0.0,0.6482344587954382,0.0,0.6305423323747542,0.0,allow_high_n,utility_improves_with_confidence,2,controlled,mode_collapsed,8
2,raw,0.9723567583908638,0.9723567583908638,0.28750125287721556,0.4300001719966531,0.8079060370102523,0.0,0.6848555055136482,0.14249891911943752,0.5434313835682847,0.0,allow_high_n,utility_improves_with_confidence,2,controlled,mode_collapsed,8
4,raw,1.244080550968647,1.244080550968647,0.5744098899886012,0.7638883652786413,0.899919867888093,0.0,0.6696706609800458,0.18947847529004014,0.3675884850480351,0.0,allow_high_n,utility_improves_with_confidence,2,controlled,mode_collapsed,8
8,raw,1.3719889596104622,1.3719889596104622,0.7100929394364357,0.8808144852519035,0.8606367836395901,0.3333333333333333,0.6107699784139792,0.17072154581546783,0.29221828788013027,0.0,allow_high_n,utility_improves_with_confidence,2,controlled,mode_collapsed,8
16,raw,1.4512666761875153,1.4512666761875153,0.6645771091183027,0.9797247608657926,0.8700795412063599,0.25394128102754393,0.6231865659356117,0.31514765174748993,0.2216440327971684,0.045515830318133,allow_high_n,utility_improves_with_confidence,2,controlled,mode_collapsed,8
32,raw,1.5055066049098969,1.5055066049098969,0.7999349137147268,1.0210286537961413,0.8682397375504175,0.2643709109910651,0.6332230768457521,0.22109374008141447,0.09335036282804064,0.0,allow_high_n,utility_improves_with_confidence,2,controlled,mode_collapsed,8
64,raw,1.5569976915915806,1.5569976915915806,0.8108807529012362,1.0483134035021067,0.8685007775823275,0.3799306134482981,0.6352643908224612,0.2374326506008705,0.05172785647903025,0.0,allow_high_n,utility_improves_with_confidence,2,controlled,mode_collapsed,8
1,raw,0.647940535719196,0.647940535719196,-0.03674956799174348,-0.03674956799174348,0.0,0.0,0.6846901037109395,0.0,0.5665902987138907,0.0,collect_pilot_labels,pilot_labels_needed,3,controlled,mode_collapsed,8
2,raw,1.1357881451646488,1.1357881451646488,0.3739943675075968,0.3967455994958679,1.0443312744299569,0.0,0.7617937776570519,0.022751231988271114,0.41307720017917876,0.0,collect_pilot_labels,pilot_labels_needed,3,controlled,mode_collapsed,8
4,raw,1.2378657485047977,1.2378657485047977,0.4601716973508398,0.6008219771708051,0.9023453193406263,0.0,0.7776940511539578,0.1406502798199653,0.3592674535054155,0.0,collect_pilot_labels,pilot_labels_needed,3,controlled,mode_collapsed,8
8,raw,1.3986294368902843,1.3986294368902843,0.6177363879978657,0.8707411964423954,0.9343397895495098,0.24999999999999997,0.7670510616153479,0.25300480844452977,0.24847926170188073,0.0,collect_pilot_labels,pilot_labels_needed,3,controlled,mode_collapsed,8
16,raw,1.4724203248818715,1.4724203248818715,0.7598048759003481,0.9528587154733638,0.8829764266808828,0.26666666666666666,0.7522734083856145,0.1930538395730157,0.2354086924106352,0.0,collect_pilot_labels,pilot_labels_needed,3,controlled,mode_collapsed,8
32,raw,1.500021532177925,1.500021532177925,0.6148710226019224,0.9821670022793114,0.8826550091306368,0.4354512944002056,0.7787272279965691,0.36729597967738903,0.2273140646729835,0.14493385329842567,collect_pilot_labels,pilot_labels_needed,3,controlled,mode_collapsed,8
64,raw,1.5279393245776494,1.5279393245776494,0.5399936387936274,1.002584039233625,0.8841236094633738,0.4359968597285073,0.8066788257177299,0.46259040043999755,0.06732646162006072,0.21981123710672068,collect_pilot_labels,pilot_labels_needed,3,controlled,mode_collapsed,8
1,raw,0.8480897955596447,0.8480897955596447,-0.08760244836836743,-0.08760244836836743,0.0,0.0,0.9356922439280121,0.0,0.5167691093192085,0.0,collect_pilot_labels,pilot_labels_needed,0,controlled,plausibility_biased,8
2,raw,1.291259730855624,1.291259730855624,0.20027115444342294,0.2462624857823054,1.0204091216127076,0.0,1.090988576412201,0.045991331338882446,0.407794390767112,0.0,collect_pilot_labels,pilot_labels_needed,0,controlled,plausibility_biased,8
4,raw,1.5163256799181302,1.5163256799181302,0.31666602691014606,0.49715666969617206,0.8899642537037531,0.0,1.1996596530079842,0.180490642786026,0.2852986570357275,0.0,collect_pilot_labels,pilot_labels_needed,0,controlled,plausibility_biased,8
8,raw,1.607790897289912,1.607790897289912,0.4502755291759968,0.7531320831427971,0.8545723910133045,0.08333333333333331,1.0781429301326473,0.30285655396680033,0.22538778497297327,0.0,collect_pilot_labels,pilot_labels_needed,0,controlled,plausibility_biased,8
16,raw,1.6967467665672302,1.6967467665672302,0.4354189795752366,0.9105312656611204,0.8241920684774717,0.2757858820798254,1.0109308464452624,0.4751122860858838,0.19317888319641086,0.01485654960076016,collect_pilot_labels,pilot_labels_needed,0,controlled,plausibility_biased,8
32,raw,1.7526178459326427,1.7526178459326427,0.6533914866546789,0.9549766913987696,0.8225997880101202,0.31150949148411805,1.0626763033991058,0.3015852047440907,0.17626535136175966,0.0,collect_pilot_labels,pilot_labels_needed,0,controlled,plausibility_biased,8
64,raw,1.7976377209027607,1.7976377209027607,0.6728923233846823,0.9954514508135617,0.8271490370233853,0.3542715081859035,1.0948269032717992,0.3225591274288794,0.09383413655694099,0.0,collect_pilot_labels,pilot_labels_needed,0,controlled,plausibility_biased,8
1,raw,0.8996551902964711,0.8996551902964711,-0.22105125027398267,-0.22105125027398267,0.0,0.0,1.1207064405704539,0.0,0.5465871891422012,0.0,collect_pilot_labels,pilot_labels_needed,1,controlled,plausibility_biased,8
2,raw,1.3055007780591648,1.3055007780591648,0.09837685090800126,0.19794154788057008,0.9152246677627165,0.0,1.2071239271511633,0.09956469697256883,0.42205030030773,0.0,collect_pilot_labels,pilot_labels_needed,1,controlled,plausibility_biased,8
4,raw,1.4781299009919167,1.4781299009919167,0.30915231133500737,0.5876695107047757,0.8076291466752687,0.0,1.1689775896569092,0.2785171993697683,0.37834992273425555,0.0,collect_pilot_labels,pilot_labels_needed,1,controlled,plausibility_biased,8
8,raw,1.6030684113502502,1.6030684113502502,0.42999905720353127,0.8494483872006336,0.8412852639953297,0.125,1.1930441011985142,0.4194493299971024,0.4133432943828092,0.0,collect_pilot_labels,pilot_labels_needed,1,controlled,plausibility_biased,8
16,raw,1.7108400563398998,1.7108400563398998,0.4763499281058709,0.9116123548398415,0.8275957420468331,0.4107512031779032,1.2187428314937279,0.4352624267339706,0.360771016875218,0.0,collect_pilot_labels,pilot_labels_needed,1,controlled,plausibility_biased,8
32,raw,1.7554838707049687,1.7554838707049687,0.4529473489771287,0.9481309914651016,0.8187412465612093,0.3684443329784264,1.2699746305879671,0.4951836424879729,0.28663032719083664,0.023402579128742218,collect_pilot_labels,pilot_labels_needed,1,controlled,plausibility_biased,8
64,raw,1.7972318480412166,1.7972318480412166,0.5891901683062315,0.9929172725727161,0.8225217372179031,0.3067879257311436,1.292642515982152,0.4037271042664846,0.16126851725861635,0.0,collect_pilot_labels,pilot_labels_needed,1,controlled,plausibility_biased,8
1,raw,1.0043832850642502,1.0043832850642502,0.08969510439783335,0.08969510439783335,0.0,0.0,0.9146881806664169,0.0,0.6305423323747542,0.0,allow_high_n,utility_improves_with_confidence,2,controlled,plausibility_biased,8
2,raw,1.2426022086292505,1.2426022086292505,0.28750125287721556,0.4300001719966531,0.7509602809324859,0.0,0.955100955752035,0.14249891911943752,0.540192831754295,0.0,allow_high_n,utility_improves_with_confidence,2,controlled,plausibility_biased,8
4,raw,1.4909599150220554,1.4909599150220554,0.6514975617950162,0.7638883652786413,0.8454030004640419,0.0,0.8394623532270392,0.11239080348362518,0.24196091874812933,0.0,allow_high_n,utility_improves_with_confidence,2,controlled,plausibility_biased,8
8,raw,1.6341658135255177,1.6341658135255177,0.7812131121754646,0.8808144852519035,0.8090664985279243,0.3333333333333333,0.8722731284797192,0.0996013730764389,0.14072413088810662,0.0,allow_high_n,utility_improves_with_confidence,2,controlled,plausibility_biased,8
16,raw,1.6855436315139134,1.6855436315139134,0.7866024772326151,0.9797247608657926,0.8156052793065708,0.2775889671928074,0.8748628546794256,0.19312228363317752,0.10989820162311546,0.0,allow_high_n,utility_improves_with_confidence,2,controlled,plausibility_biased,8
32,raw,1.7453443308671315,1.7453443308671315,0.8207429821292559,1.0210286537961413,0.8137868265310922,0.38392857142857145,0.8713935059786309,0.20028567166688538,0.06567010402947951,0.0,allow_high_n,utility_improves_with_confidence,2,controlled,plausibility_biased,8
64,raw,1.7904166380564372,1.7904166380564372,0.8339450086156527,1.0483134035021067,0.8140001108249028,0.44674614912164495,0.8696426038077334,0.21436839488645398,0.0310092039250094,0.0,allow_high_n,utility_improves_with_confidence,2,controlled,plausibility_biased,8
1,raw,0.905139080559214,0.905139080559214,-0.03674956799174348,-0.03674956799174348,0.0,0.0,0.9418886485509574,0.0,0.5665902987138907,0.0,collect_pilot_labels,pilot_labels_needed,3,controlled,plausibility_biased,8
2,raw,1.3680580705404282,1.3680580705404282,0.3739943675075968,0.3967455994958679,0.997769653610885,0.0,0.9940637030328313,0.022751231988271114,0.4160072458713889,0.0,collect_pilot_labels,pilot_labels_needed,3,controlled,plausibility_biased,8
4,raw,1.4648042942086856,1.4648042942086856,0.4600816620513797,0.6008219771708051,0.8437892891466617,0.0,1.004722632157306,0.14074031511942542,0.373549453780119,0.0,collect_pilot_labels,pilot_labels_needed,3,controlled,plausibility_biased,8
8,raw,1.6338840673367183,1.6338840673367183,0.597499119117856,0.8707411964423954,0.8609474455316862,0.2083333333333333,1.024629980015258,0.2732420773245394,0.16216950326288185,0.0,collect_pilot_labels,pilot_labels_needed,3,controlled,plausibility_biased,8
16,raw,1.7217926979064941,1.7217926979064941,0.6703121289610863,0.9528587154733638,0.8110896115501722,0.27060794769421054,1.0143964999976258,0.2825465865122775,0.16241169134075004,0.0,collect_pilot_labels,pilot_labels_needed,3,controlled,plausibility_biased,8
32,raw,1.7450350572665532,1.7450350572665532,0.5613419817139705,0.9821670022793114,0.8112754866480826,0.4839936480664266,1.041606968443375,0.4208250205653409,0.10345776097782082,0.10897014724711573,collect_pilot_labels,pilot_labels_needed,3,controlled,plausibility_biased,8
64,raw,1.7745335549116135,1.7745335549116135,0.6055309974278013,1.002584039233625,0.8126741831501324,0.4219514582612404,1.0535319850605447,0.3970530418058237,0.09542583619251299,0.06478113153328502,collect_pilot_labels,pilot_labels_needed,3,controlled,plausibility_biased,8
1,raw,0.4989919600387414,0.4989919600387414,-0.08760244836836743,-0.08760244836836743,0.0,0.0,0.5865944084071089,0.0,0.5167691093192085,0.0,collect_pilot_labels,pilot_labels_needed,0,repair,optimistic,8
2,raw,0.8408610460658869,0.8408610460658869,0.21183512173593044,0.2462624857823054,0.9472311748812595,0.0,0.6290259243299564,0.03442736404637495,0.3873754158326115,0.0,collect_pilot_labels,pilot_labels_needed,0,repair,optimistic,8
4,raw,1.0550152212381363,1.0550152212381363,0.30074422620236874,0.49715666969617206,0.8211779728531837,0.0,0.7542709950357676,0.19641244349380332,0.31698304760043566,0.0,collect_pilot_labels,pilot_labels_needed,0,repair,optimistic,8
8,raw,1.1602828949689865,1.1602828949689865,0.4277569316327572,0.7531320831427971,0.7811700532833736,0.04166666666666666,0.6957277345160643,0.32537515151003993,0.22362392443977028,0.0,collect_pilot_labels,pilot_labels_needed,0,repair,optimistic,8
16,raw,1.2481060574452083,1.2481060574452083,0.5784240749975046,0.9105312656611204,0.7489773198962212,0.16925563385947406,0.6133583914488554,0.3321071906636158,0.170455509948912,0.0,collect_pilot_labels,pilot_labels_needed,0,repair,optimistic,8
32,raw,1.3266784995794296,1.3266784995794296,0.5858376895387968,0.9549766913987696,0.7453004737695057,0.24034983440363714,0.6557117203095307,0.36913900185997284,0.17711423118083527,0.0,collect_pilot_labels,pilot_labels_needed,0,repair,optimistic,8
64,raw,1.3757780243953068,1.3757780243953068,0.5037656898299853,0.9954514508135617,0.7480394452810287,0.249660150317629,0.6534491898880029,0.4916857609835764,0.09210248921755802,0.08207199970881152,collect_pilot_labels,pilot_labels_needed,0,repair,optimistic,8
1,calibrated,-1.4134072664069632,0.4989919600387414,-0.08760244836836743,-0.08760244836836743,0.0,0.0,-1.3258048180385957,0.0,0.5167691093192085,0.0,allow_high_n,utility_improves_with_confidence,0,repair,optimistic,8
2,calibrated,-0.8119714381049077,0.797141266365846,0.2299864056209723,0.2462624857823054,0.9472311748812595,0.0,-1.04195784372588,0.016276080161333084,0.40034152523390176,0.0,allow_high_n,utility_improves_with_confidence,0,repair,optimistic,8
4,calibrated,-0.3745578380130851,0.9296722933650017,0.38306051430602867,0.49715666969617206,0.8211779728531837,0.0,-0.7576183523191139,0.1140961553901434,0.2864847077497408,0.0,allow_high_n,utility_improves_with_confidence,0,repair,optimistic,8
8,calibrated,-0.21329792629927394,0.902142291267713,0.5582814800242583,0.7531320831427971,0.7811700532833736,0.2083333333333333,-0.8215005514910444,0.19485060311853886,0.28160218434908973,0.0,allow_high_n,utility_improves_with_confidence,0,repair,optimistic,8
16,calibrated,0.01492676789717129,0.9883789842327436,0.750900554160277,0.9105312656611204,0.7489773198962212,0.48333333333333334,-0.865713361329011,0.1596307115008434,0.12586873872628587,0.0,allow_high_n,utility_improves_with_confidence,0,repair,optimistic,8
32,calibrated,0.13839950295320405,1.0000649020075798,0.8336954222371181,0.9549766913987696,0.7453004737695057,0.574404761904762,-0.8188073336575569,0.1212812691616515,0.08727536734861972,0.0,allow_high_n,utility_improves_with_confidence,0,repair,optimistic,8
64,calibrated,0.37972165604432423,0.9615344119568666,0.8383635636419058,0.9954514508135617,0.7480394452810287,0.5109848710393816,-0.8318425502893904,0.1570878871716559,0.04124275725282972,0.0,allow_high_n,utility_improves_with_confidence,0,repair,optimistic,8
1,uncertainty_aware,-2.2442442117320995,0.4989919600387414,-0.08760244836836743,-0.08760244836836743,0.0,0.0,-2.1566417633637323,0.0,0.5167691093192085,0.0,stop_early,high_n_regret_detected,0,repair,optimistic,8
2,uncertainty_aware,-1.6451761045555273,0.802311860024929,0.23289609079559645,0.2462624857823054,0.9472311748812595,0.0,-1.878072195351124,0.01336639498670894,0.4040735709438638,0.0,stop_early,high_n_regret_detected,0,repair,optimistic,8
4,uncertainty_aware,-1.238560315435752,0.964507964750131,0.39244225807487965,0.49715666969617206,0.8211779728531837,0.0,-1.6310025735106317,0.10471441162129241,0.3144531506903883,0.0,stop_early,high_n_regret_detected,0,repair,optimistic,8
8,uncertainty_aware,-1.0608166529921192,0.9851691722869873,0.5816782402495543,0.7531320831427971,0.7811700532833736,0.45833333333333326,-1.687165405364552,0.17145384289324284,0.27928792205756664,0.0,stop_early,high_n_regret_detected,0,repair,optimistic,8
16,uncertainty_aware,-0.7909756253054366,1.0323169579108555,0.8601433963825306,0.9105312656611204,0.7489773198962212,0.7416666666666666,-1.7011912959596762,0.05038786927858985,0.10162041660594612,0.0,stop_early,high_n_regret_detected,0,repair,optimistic,8
32,uncertainty_aware,-0.6746395330006877,1.0538330699006717,0.8958263651778301,0.9549766913987696,0.7453004737695057,0.6775793650793651,-1.6894640191233095,0.05915032622093952,0.09537605244218043,0.0,stop_early,high_n_regret_detected,0,repair,optimistic,8
64,uncertainty_aware,-0.5106319636603197,1.0422230623662472,0.8527726586908102,0.9954514508135617,0.7480394452810287,0.6642156862745098,-1.6930679766629328,0.14267879212275147,0.03702306577233125,0.043053706487019894,stop_early,high_n_regret_detected,0,repair,optimistic,8
1,consistency_aware,-1.5789532843170067,0.4989919600387414,-0.08760244836836743,-0.08760244836836743,0.0,0.0,-1.4913508359486392,0.0,0.5167691093192085,0.0,allow_high_n,utility_improves_with_confidence,0,repair,optimistic,8
2,consistency_aware,-0.9486558123926322,0.8102860872944196,0.22788726910948753,0.2462624857823054,0.9472311748812595,0.0,-1.1765430815021196,0.018375216672817857,0.4054379828098493,0.0,allow_high_n,utility_improves_with_confidence,0,repair,optimistic,8
4,consistency_aware,-0.48941057378115743,1.0127226958672206,0.34361609754463035,0.49715666969617206,0.8211779728531837,0.0,-0.8330266713257878,0.1535405721515417,0.2780915388509522,0.0,allow_high_n,utility_improves_with_confidence,0,repair,optimistic,8
8,consistency_aware,-0.37165765633651365,1.001108614106973,0.5675061233341694,0.7531320831427971,0.7811700532833736,0.29166666666666663,-0.9816430068419626,0.18562595980862773,0.2794540006733815,0.0,allow_high_n,utility_improves_with_confidence,0,repair,optimistic,8
16,consistency_aware,-0.16919489965929344,1.0918469429016113,0.6462015211582184,0.9105312656611204,0.7489773198962212,0.3206079476942106,-0.9887965278517611,0.26432974450290203,0.21425777937825452,0.0,allow_high_n,utility_improves_with_confidence,0,repair,optimistic,8
32,consistency_aware,-0.04931795846205204,1.1740468094746273,0.8019496183842421,0.9549766913987696,0.7453004737695057,0.39384920634920634,-0.9391428286161196,0.15302707301452756,0.125091835108555,0.0,allow_high_n,utility_improves_with_confidence,0,repair,optimistic,8
64,consistency_aware,0.12628725490222378,1.1391764891644318,0.7973019871860743,0.9954514508135617,0.7480394452810287,0.36250507668755483,-0.9262915327274822,0.19814946362748742,0.0570767388177263,0.004647631198167801,allow_high_n,utility_improves_with_confidence,0,repair,optimistic,8
1,random,-0.005826001797932347,0.4989919600387414,-0.08760244836836743,-0.08760244836836743,0.0,0.0,0.08177644657043509,0.0,0.5167691093192085,0.0,block_high_n,tail_rank_failure,0,repair,optimistic,8
2,random,0.481814070424645,0.6132322258005539,0.001533528013775746,0.2462624857823054,0.9472311748812595,0.0,0.4802805424108693,0.24472895776852965,0.5782458290891542,0.0,block_high_n,tail_rank_failure,0,repair,optimistic,8
4,random,0.8915661723569702,0.737368411074082,0.06502715063591798,0.49715666969617206,0.8211779728531837,0.0,0.8265390217210523,0.4321295190602541,0.5548656928315425,0.0,block_high_n,tail_rank_failure,0,repair,optimistic,8
8,random,1.2881350625579622,0.4706349785750111,0.13177281365885088,0.7531320831427971,0.7811700532833736,0.16666666666666663,1.0228011790348095,0.6213592694839463,0.46677391756699826,0.0,block_high_n,tail_rank_failure,0,repair,optimistic,8
16,random,1.8031574580985226,0.6937389779001629,0.23110441056390604,0.9105312656611204,0.7489773198962212,0.11531435283193016,1.0436743423282784,0.6794268550972143,0.5336091447558999,0.0,block_high_n,tail_rank_failure,0,repair,optimistic,8
32,random,2.064062173503117,0.7525024628266692,0.21235378117611012,0.9549766913987696,0.7453004737695057,0.1270317005236665,1.1552706031975328,0.7426229102226595,0.4055181005825002,0.018750629387795925,block_high_n,tail_rank_failure,0,repair,optimistic,8
64,random,2.304987998057467,0.6257510023812453,-0.0367367808551838,0.9954514508135617,0.7480394452810287,-0.026137158878303767,1.230034144120859,1.0321882316687454,0.17179989832612907,0.26784119141908985,block_high_n,tail_rank_failure,0,repair,optimistic,8
1,oracle,-0.08760244836836743,0.4989919600387414,-0.08760244836836743,-0.08760244836836743,0.0,0.0,0.0,0.0,0.5167691093192085,0.0,allow_high_n,utility_improves_with_confidence,0,repair,optimistic,8
2,oracle,0.2462624857823054,0.7760556135326624,0.2462624857823054,0.2462624857823054,0.9472311748812595,0.0,0.0,0.0,0.41133027170512665,0.0,allow_high_n,utility_improves_with_confidence,0,repair,optimistic,8
4,oracle,0.49715666969617206,0.9344255694498619,0.49715666969617206,0.49715666969617206,0.8211779728531837,0.0,0.0,0.0,0.24226100393615965,0.0,allow_high_n,utility_improves_with_confidence,0,repair,optimistic,8
8,oracle,0.7531320831427971,0.9642038587480783,0.7531320831427971,0.7531320831427971,0.7811700532833736,0.9999999999999999,0.0,0.0,0.13953024999725033,0.0,allow_high_n,utility_improves_with_confidence,0,repair,optimistic,8
16,oracle,0.9105312656611204,1.0727998067935307,0.9105312656611204,0.9105312656611204,0.7489773198962212,1.0,0.0,0.0,0.06627143837502421,0.0,allow_high_n,utility_improves_with_confidence,0,repair,optimistic,8
32,oracle,0.9549766913987696,1.0506171646217506,0.9549766913987696,0.9549766913987696,0.7453004737695057,1.0,0.0,0.0,0.04796842680204997,0.0,allow_high_n,utility_improves_with_confidence,0,repair,optimistic,8
64,oracle,0.9954514508135617,1.0278605769077938,0.9954514508135617,0.9954514508135617,0.7480394452810287,1.0,0.0,0.0,0.027281901985582124,0.0,allow_high_n,utility_improves_with_confidence,0,repair,optimistic,8
1,raw,0.5521453561959788,0.5521453561959788,-0.22105125027398267,-0.22105125027398267,0.0,0.0,0.7731966064699615,0.0,0.5465871891422012,0.0,collect_pilot_labels,pilot_labels_needed,1,repair,optimistic,8
2,raw,0.8694935077801347,0.8694935077801347,0.09837685090800126,0.19794154788057008,0.8718607032671569,0.0,0.7711166568721334,0.09956469697256883,0.4348694709058627,0.0,collect_pilot_labels,pilot_labels_needed,1,repair,optimistic,8
4,raw,1.0571465541919072,1.0571465541919072,0.38052847717578214,0.5876695107047757,0.7675939559936523,0.0,0.6766180770161251,0.20714103352899355,0.40459936270833685,0.0,collect_pilot_labels,pilot_labels_needed,1,repair,optimistic,8
8,raw,1.180920680363973,1.180920680363973,0.3730261436042686,0.8494483872006336,0.7890824618438881,-9.25185853854297e-18,0.7211947242418925,0.47642224359636504,0.37624820810777604,0.007502333571513531,collect_pilot_labels,pilot_labels_needed,1,repair,optimistic,8
16,raw,1.2933767934640248,1.2933767934640248,0.5066914142419895,0.9116123548398415,0.779787988960743,0.27635231383473646,0.7528708864701912,0.404920940597852,0.2758072507596716,0.0,collect_pilot_labels,pilot_labels_needed,1,repair,optimistic,8
32,raw,1.3423574070135753,1.3423574070135753,0.5089874447633823,0.9481309914651016,0.7641385714213053,0.3103638421548976,0.7949003580045731,0.4391435467017193,0.22579043141246977,0.0,collect_pilot_labels,pilot_labels_needed,1,repair,optimistic,8
64,raw,1.3958935489257176,1.3958935489257176,0.29233836382627487,0.9929172725727161,0.7684255078434944,0.273387329286472,0.8367326465910688,0.7005789087464412,0.15129368151322367,0.21664908093710744,collect_pilot_labels,pilot_labels_needed,1,repair,optimistic,8
1,calibrated,-2.3451564289210363,0.5521453561959788,-0.22105125027398267,-0.22105125027398267,0.0,0.0,-2.1241051786470537,0.0,0.5465871891422012,0.0,stop_early,high_n_regret_detected,1,repair,optimistic,8
2,calibrated,-1.355318163599198,0.8413222869082043,0.19176859284440675,0.19794154788057008,0.8718607032671569,0.0,-1.5470867564436048,0.00617295503616333,0.4391587258177232,0.0,stop_early,high_n_regret_detected,1,repair,optimistic,8
4,calibrated,-0.7191543678597858,0.9385124755402406,0.4622106780298054,0.5876695107047757,0.7675939559936523,0.0,-1.1813650458895912,0.12545883267497027,0.33156603113947686,0.0,stop_early,high_n_regret_detected,1,repair,optimistic,8
8,calibrated,-0.3018600782938301,0.9959536149787406,0.7860443644846479,0.8494483872006336,0.7890824618438881,0.6666666666666666,-1.163136844652084,0.06340402271598577,0.2498290804382397,0.0,stop_early,high_n_regret_detected,1,repair,optimistic,8
16,calibrated,-0.19919905369014787,1.0177590548992157,0.7792333366038898,0.9116123548398415,0.779787988960743,0.44166666666666665,-1.2185498713701963,0.13237901823595166,0.1734587487593339,0.006811027880758047,stop_early,high_n_regret_detected,1,repair,optimistic,8
32,calibrated,0.28311956115222225,0.9922385569661856,0.736375998162354,0.9481309914651016,0.7641385714213053,0.29960317460317465,-1.2112153437401867,0.2117549933027476,0.15191612943953245,0.04966836632229388,stop_early,high_n_regret_detected,1,repair,optimistic,8
64,calibrated,0.47580888681579386,0.9800186473876238,0.7690040573943406,0.9929172725727161,0.7684255078434944,0.38615196078431374,-1.1874577456048183,0.22391321517837548,0.07967592640939584,0.01704030709030724,stop_early,high_n_regret_detected,1,repair,optimistic,8
1,uncertainty_aware,-3.0738527311338113,0.5521453561959788,-0.22105125027398267,-0.22105125027398267,0.0,0.0,-2.8528014808598283,0.0,0.5465871891422012,0.0,stop_early,high_n_regret_detected,1,repair,optimistic,8
2,uncertainty_aware,-2.1173349188175052,0.8413222869082043,0.19176859284440675,0.19794154788057008,0.8718607032671569,0.0,-2.309103511661912,0.00617295503616333,0.43853256364483784,0.0,stop_early,high_n_regret_detected,1,repair,optimistic,8
4,uncertainty_aware,-1.5122619602518776,0.9683555451532205,0.4573262226767838,0.5876695107047757,0.7675939559936523,0.0,-1.9695881829286617,0.1303432880279919,0.32938444850802134,0.0,stop_early,high_n_regret_detected,1,repair,optimistic,8
8,uncertainty_aware,-1.0654346306761726,1.000323017903914,0.7825239788119992,0.8494483872006336,0.7890824618438881,0.4166666666666666,-1.931909598314669,0.06692440838863445,0.2136223873136088,0.0,stop_early,high_n_regret_detected,1,repair,optimistic,8
16,uncertainty_aware,-0.9693089191460361,1.1045584628979366,0.8311871204835674,0.9116123548398415,0.779787988960743,0.4166666666666667,-2.000342850530675,0.08042523435627413,0.14601754025662608,0.0,stop_early,high_n_regret_detected,1,repair,optimistic,8
32,uncertainty_aware,-0.6130424724472686,1.0472120599200327,0.7535516216885298,0.9481309914651016,0.7641385714213053,0.4047619047619047,-2.003622813814436,0.19457936977657175,0.14347588271904632,0.0776354987950375,stop_early,high_n_regret_detected,1,repair,optimistic,8
64,uncertainty_aware,-0.4413689295668155,1.0910811784366767,0.7956959821749479,0.9929172725727161,0.7684255078434944,0.4774509803921569,-1.9959215833872441,0.19722129039776826,0.0739545101588407,0.035491138308619496,stop_early,high_n_regret_detected,1,repair,optimistic,8
1,consistency_aware,-2.172713411874138,0.5521453561959788,-0.22105125027398267,-0.22105125027398267,0.0,0.0,-1.9516621616001553,0.0,0.5465871891422012,0.0,stop_early,high_n_regret_detected,1,repair,optimistic,8
2,consistency_aware,-1.2966873916021238,0.8481537317081044,0.11139869814117749,0.19794154788057008,0.8718607032671569,0.0,-1.4080860897433014,0.0865428497393926,0.45225969865016086,0.0,stop_early,high_n_regret_detected,1,repair,optimistic,8
4,consistency_aware,-0.7736581204878167,0.9717995139459769,0.3203701356736322,0.5876695107047757,0.7675939559936523,0.0,-1.094028256161449,0.2672993750311435,0.3889876325449304,0.0,stop_early,high_n_regret_detected,1,repair,optimistic,8
8,consistency_aware,-0.416044324808754,1.0840640539924304,0.6551971946222087,0.8494483872006336,0.7890824618438881,0.5416666666666666,-1.1143032710479261,0.19425119257842494,0.3453541845707871,0.0,stop_early,high_n_regret_detected,1,repair,optimistic,8
16,consistency_aware,-0.32207765487798806,1.170502483844757,0.8154507757474979,0.9116123548398415,0.779787988960743,0.45833333333333326,-1.157855476595384,0.09616157909234357,0.1898300675541553,0.0,stop_early,high_n_regret_detected,1,repair,optimistic,8
32,consistency_aware,0.044805091183322134,1.1037745904177427,0.7372611505755534,0.9481309914651016,0.7641385714213053,0.3319199434779261,-1.1336517509171973,0.2108698408895482,0.14082269294388786,0.0781896251719445,stop_early,high_n_regret_detected,1,repair,optimistic,8
64,consistency_aware,0.21248784868046636,1.0943883080035448,0.7555645212996751,0.9929172725727161,0.7684255078434944,0.39557343530349215,-1.1409560099656424,0.237352751273041,0.07159645175506447,0.059886254447822806,stop_early,high_n_regret_detected,1,repair,optimistic,8
1,random,-0.0054736896276888075,0.5521453561959788,-0.22105125027398267,-0.22105125027398267,0.0,0.0,0.21557756064629388,0.0,0.5465871891422012,0.0,collect_pilot_labels,pilot_labels_needed,1,repair,optimistic,8
2,random,0.3937258254289225,0.5469259709352627,-0.20248275715857744,0.19794154788057008,0.8718607032671569,0.0,0.5962085825875,0.4004243050391475,0.5718867686936827,0.0,collect_pilot_labels,pilot_labels_needed,1,repair,optimistic,8
4,random,0.8277175859623475,0.6252713945383827,-0.22471658109376827,0.5876695107047757,0.7675939559936523,0.0,1.0524341670561157,0.8123860917985439,0.6077785541219844,0.022233823935190827,collect_pilot_labels,pilot_labels_needed,1,repair,optimistic,8
8,random,1.3208396615217977,0.448772633021387,-0.24421768573423228,0.8494483872006336,0.7890824618438881,-0.29166666666666663,1.242289997911959,1.093666072934866,0.674056600940481,0.041734928575654834,collect_pilot_labels,pilot_labels_needed,1,repair,optimistic,8
16,random,1.7852359100067858,0.6361600727153321,-0.033021940073619284,0.9116123548398415,0.779787988960743,0.11592205366862286,1.2679100840883486,0.9446342949134607,0.5715885526022432,0.0,collect_pilot_labels,pilot_labels_needed,1,repair,optimistic,8
32,random,2.0342686620649464,0.6001710939841965,0.11604611001287897,0.9481309914651016,0.7641385714213053,0.06245915726606951,1.3248189831234924,0.8320848814522226,0.45999368383819245,0.0,collect_pilot_labels,pilot_labels_needed,1,repair,optimistic,8
64,random,2.2632801047583886,0.6448591361598423,0.029700035927817225,0.9929172725727161,0.7684255078434944,-0.04287412492380257,1.3333288359648616,0.9632172366448989,0.27077436612274625,0.08634607408506174,collect_pilot_labels,pilot_labels_needed,1,repair,optimistic,8
1,oracle,-0.22105125027398267,0.5521453561959788,-0.22105125027398267,-0.22105125027398267,0.0,0.0,0.0,0.0,0.5465871891422012,0.0,allow_high_n,utility_improves_with_confidence,1,repair,optimistic,8
2,oracle,0.19794154788057008,0.7825445640676966,0.19794154788057008,0.19794154788057008,0.8718607032671569,0.0,0.0,0.0,0.4243339578531824,0.0,allow_high_n,utility_improves_with_confidence,1,repair,optimistic,8
4,oracle,0.5876695107047757,0.9309933766101798,0.5876695107047757,0.5876695107047757,0.7675939559936523,0.0,0.0,0.0,0.28062379337859306,0.0,allow_high_n,utility_improves_with_confidence,1,repair,optimistic,8
8,oracle,0.8494483872006336,0.9786297149645785,0.8494483872006336,0.8494483872006336,0.7890824618438881,0.9999999999999999,0.0,0.0,0.1781114259851809,0.0,allow_high_n,utility_improves_with_confidence,1,repair,optimistic,8
16,oracle,0.9116123548398415,1.0000567217357457,0.9116123548398415,0.9116123548398415,0.779787988960743,1.0,0.0,0.0,0.09884345606394503,0.0,allow_high_n,utility_improves_with_confidence,1,repair,optimistic,8
32,oracle,0.9481309914651016,0.9773879589823385,0.9481309914651016,0.9481309914651016,0.7641385714213053,1.0,0.0,0.0,0.04867112310445695,0.0,allow_high_n,utility_improves_with_confidence,1,repair,optimistic,8
64,oracle,0.9929172725727161,1.0179248458395402,0.9929172725727161,0.9929172725727161,0.7684255078434944,1.0,0.0,0.0,0.029307994459524516,0.0,allow_high_n,utility_improves_with_confidence,1,repair,optimistic,8
1,raw,0.6938586936642727,0.6938586936642727,0.08969510439783335,0.08969510439783335,0.0,0.0,0.6041635892664393,0.0,0.6305423323747542,0.0,allow_high_n,utility_improves_with_confidence,2,repair,optimistic,8
2,raw,0.8598110297073921,0.8598110297073921,0.2759814557308952,0.4300001719966531,0.6838675564775863,0.0,0.5838295739764968,0.15401871626575786,0.5395463901129572,0.0,allow_high_n,utility_improves_with_confidence,2,repair,optimistic,8
4,raw,1.0583086647093296,1.0583086647093296,0.5606268138314286,0.7638883652786413,0.7606262444208065,0.0,0.4976818508779009,0.2032615514472127,0.3817359486472522,0.0,allow_high_n,utility_improves_with_confidence,2,repair,optimistic,8
8,raw,1.1754081149895985,1.1754081149895985,0.6345228056112925,0.8808144852519035,0.7356463042398295,0.3333333333333333,0.4255931321531534,0.24629167964061105,0.26558340253951546,0.0,allow_high_n,utility_improves_with_confidence,2,repair,optimistic,8
16,raw,1.250725766023,1.250725766023,0.6319973394274712,0.9797247608657926,0.7422004183133444,0.14031435283193017,0.4219385903949539,0.34772742143832147,0.2208505089578208,0.0025254661838213233,allow_high_n,utility_improves_with_confidence,2,repair,optimistic,8
32,raw,1.3218180189530055,1.3218180189530055,0.7663666382431984,1.0210286537961413,0.740584336966276,0.17238708233444253,0.4373065974699178,0.2546620155529429,0.11342014737499544,0.0,allow_high_n,utility_improves_with_confidence,2,repair,optimistic,8
64,raw,1.3719153106212616,1.3719153106212616,0.8148600111405054,1.0483134035021067,0.7407095342874527,0.3762003342259614,0.4507203050258492,0.23345339236160123,0.057731878206232434,0.0,allow_high_n,utility_improves_with_confidence,2,repair,optimistic,8
1,calibrated,-1.880157128131638,0.6938586936642727,0.08969510439783335,0.08969510439783335,0.0,0.0,-1.9698522325294714,0.0,0.6305423323747542,0.0,allow_high_n,utility_improves_with_confidence,2,repair,optimistic,8
2,calibrated,-1.23673075033507,0.7493542457620302,0.3404819443821907,0.4300001719966531,0.6838675564775863,0.0,-1.5772126947172609,0.08951822761446238,0.40528919939511177,0.0,allow_high_n,utility_improves_with_confidence,2,repair,optimistic,8
4,calibrated,-0.3360402888944372,0.8906585350632668,0.6667669356490175,0.7638883652786413,0.7606262444208065,0.0,-1.0028072245434547,0.09712142962962389,0.19957556634403076,0.0,allow_high_n,utility_improves_with_confidence,2,repair,optimistic,8
8,calibrated,-0.11272980507773651,0.9514833663900694,0.7678588624112308,0.8808144852519035,0.7356463042398295,0.16666666666666666,-0.9795924578110377,0.11295562284067273,0.15267131544627002,0.0,allow_high_n,utility_improves_with_confidence,2,repair,optimistic,8
16,calibrated,0.26798592257468656,0.9477758494516214,0.8018575489986688,0.9797247608657926,0.7422004183133444,0.32499999999999996,-0.8870661097047075,0.17786721186712384,0.15761593153545864,0.0,allow_high_n,utility_improves_with_confidence,2,repair,optimistic,8
32,calibrated,0.58536800157434,0.9751329186062018,0.8292729574410865,1.0210286537961413,0.740584336966276,0.38392857142857145,-0.9508302601248335,0.19175569635505474,0.10617703950142625,0.0,allow_high_n,utility_improves_with_confidence,2,repair,optimistic,8
64,calibrated,0.7084222531023746,0.9854052600761255,0.8457100243928531,1.0483134035021067,0.7407095342874527,0.3829270993485152,-0.9583354677764874,0.20260337910925352,0.05690153013898125,0.0,allow_high_n,utility_improves_with_confidence,2,repair,optimistic,8
1,uncertainty_aware,-2.5813851569158337,0.6938586936642727,0.08969510439783335,0.08969510439783335,0.0,0.0,-2.671080261313667,0.0,0.6305423323747542,0.0,allow_high_n,utility_improves_with_confidence,2,repair,optimistic,8
2,uncertainty_aware,-1.9807205365799987,0.7493542457620302,0.3404819443821907,0.4300001719966531,0.6838675564775863,0.0,-2.321202480962189,0.08951822761446238,0.4091021977151256,0.0,allow_high_n,utility_improves_with_confidence,2,repair,optimistic,8
4,uncertainty_aware,-1.1665101549231138,0.9019664029280344,0.6707957551504174,0.7638883652786413,0.7606262444208065,0.0,-1.8373059100735312,0.0930926101282239,0.20156771194972614,0.0,allow_high_n,utility_improves_with_confidence,2,repair,optimistic,8
8,uncertainty_aware,-0.9472775951695317,1.0223751726249855,0.7877489249221981,0.8808144852519035,0.7356463042398295,0.5833333333333333,-1.7908117633576814,0.09306556032970548,0.13819053488310404,0.0,allow_high_n,utility_improves_with_confidence,2,repair,optimistic,8
16,uncertainty_aware,-0.6122817466439059,0.9945580201844374,0.8541475539871802,0.9797247608657926,0.7422004183133444,0.49166666666666664,-1.729470577991645,0.1255772068786124,0.14722062942575942,0.0,allow_high_n,utility_improves_with_confidence,2,repair,optimistic,8
32,uncertainty_aware,-0.3278296205898126,1.036003449310859,0.8731467716861516,1.0210286537961413,0.740584336966276,0.5555555555555556,-1.7600625249508692,0.14788188210998965,0.10904988235312607,0.0,allow_high_n,utility_improves_with_confidence,2,repair,optimistic,8
64,uncertainty_aware,-0.23384750722131378,1.0587919640044372,0.8827030477890124,1.0483134035021067,0.7407095342874527,0.5282104505434457,-1.7666308499220273,0.16561035571309424,0.05707862736997351,0.0,allow_high_n,utility_improves_with_confidence,2,repair,optimistic,8
1,consistency_aware,-1.7896909771176677,0.6938586936642727,0.08969510439783335,0.08969510439783335,0.0,0.0,-1.879386081515501,0.0,0.6305423323747542,0.0,allow_high_n,utility_improves_with_confidence,2,repair,optimistic,8
2,consistency_aware,-1.2952783848904075,0.7816947661340237,0.3877201524252693,0.4300001719966531,0.6838675564775863,0.0,-1.6829985373156766,0.042280019571383776,0.3968913698478425,0.0,allow_high_n,utility_improves_with_confidence,2,repair,optimistic,8
4,consistency_aware,-0.5305431057838723,0.9010057225823402,0.6673009361450871,0.7638883652786413,0.7606262444208065,0.0,-1.1978440419289593,0.09658742913355423,0.2143547498915467,0.0,allow_high_n,utility_improves_with_confidence,2,repair,optimistic,8
8,consistency_aware,-0.32103721258230505,0.9932404222587744,0.7698128243597845,0.8808144852519035,0.7356463042398295,0.33333333333333326,-1.1718648747098632,0.11100166089211905,0.16589168923894074,0.0,allow_high_n,utility_improves_with_confidence,2,repair,optimistic,8
16,consistency_aware,-0.018492217978152137,0.9698669997354349,0.7900861780314395,0.9797247608657926,0.7422004183133444,0.1333333333333333,-1.1287657213657318,0.1896385828343531,0.16054345238164333,0.0,allow_high_n,utility_improves_with_confidence,2,repair,optimistic,8
32,consistency_aware,0.2531213565838213,1.0416226697464783,0.8172278169852992,1.0210286537961413,0.740584336966276,0.3250348574902387,-1.165986941534599,0.20380083681084205,0.10572367996259419,0.0,allow_high_n,utility_improves_with_confidence,2,repair,optimistic,8
64,consistency_aware,0.3969114056788385,1.0729137199620407,0.8387392711204787,1.0483134035021067,0.7407095342874527,0.3737009380402423,-1.163676943138368,0.20957413238162792,0.0614940096826504,0.0,allow_high_n,utility_improves_with_confidence,2,repair,optimistic,8
1,random,-0.09356193462341132,0.6938586936642727,0.08969510439783335,0.08969510439783335,0.0,0.0,-0.18325703902124466,0.0,0.6305423323747542,0.0,block_high_n,tail_rank_failure,2,repair,optimistic,8
2,random,0.36095620591489513,0.7086286859897276,0.11378374385337035,0.4300001719966531,0.6838675564775863,0.0,0.24717246206152485,0.3162164281432827,0.706977142807693,0.0,block_high_n,tail_rank_failure,2,repair,optimistic,8
4,random,0.8122790511064234,0.6344610036661228,0.30390272739653784,0.7638883652786413,0.7606262444208065,0.0,0.5083763237098856,0.4599856378821035,0.519981958444944,0.0,block_high_n,tail_rank_failure,2,repair,optimistic,8
8,random,1.3149314001568364,0.7522313896333799,0.47807525501896936,0.8808144852519035,0.7356463042398295,0.4166666666666666,0.7481972833811031,0.4027392302329342,0.4631739306781304,0.0,block_high_n,tail_rank_failure,2,repair,optimistic,8
16,random,1.7881510613277942,0.7360426081577316,0.2628266788087785,0.9797247608657926,0.7422004183133444,-0.05000000000000002,0.9874892746116087,0.7168980820570141,0.5758561837928337,0.21524857621019083,block_high_n,tail_rank_failure,2,repair,optimistic,8
32,random,2.0182962588772653,0.6164027787744999,0.22916158944523582,1.0210286537961413,0.740584336966276,0.08888162880784034,0.983454004938813,0.7918670643509055,0.39588708662816224,0.24891366557373354,block_high_n,tail_rank_failure,2,repair,optimistic,8
64,random,2.1893538684062377,0.6702223078464158,0.14751443383283913,1.0483134035021067,0.7407095342874527,-0.06799597496503378,0.9876410435788349,0.9007989696692675,0.22572845892659163,0.3305608211861302,block_high_n,tail_rank_failure,2,repair,optimistic,8
1,oracle,0.08969510439783335,0.6938586936642727,0.08969510439783335,0.08969510439783335,0.0,0.0,0.0,0.0,0.6305423323747542,0.0,allow_high_n,utility_improves_with_confidence,2,repair,optimistic,8
2,oracle,0.4300001719966531,0.7680033299451073,0.4300001719966531,0.4300001719966531,0.6838675564775863,0.0,0.0,0.0,0.4269326064440886,0.0,allow_high_n,utility_improves_with_confidence,2,repair,optimistic,8
4,oracle,0.7638883652786413,0.9577791343132654,0.7638883652786413,0.7638883652786413,0.7606262444208065,0.0,0.0,0.0,0.1657578957492849,0.0,allow_high_n,utility_improves_with_confidence,2,repair,optimistic,8
8,oracle,0.8808144852519035,1.1057794690132141,0.8808144852519035,0.8808144852519035,0.7356463042398295,0.9999999999999999,0.0,0.0,0.10040613303406161,0.0,allow_high_n,utility_improves_with_confidence,2,repair,optimistic,8
16,oracle,0.9797247608657926,1.0859247197707493,0.9797247608657926,0.9797247608657926,0.7422004183133444,1.0,0.0,0.0,0.05998124615138375,0.0,allow_high_n,utility_improves_with_confidence,2,repair,optimistic,8
32,oracle,1.0210286537961413,1.1129267911116283,1.0210286537961413,1.0210286537961413,0.740584336966276,1.0,0.0,0.0,0.03133826336770111,0.0,allow_high_n,utility_improves_with_confidence,2,repair,optimistic,8
64,oracle,1.0483134035021067,1.0949716344475746,1.0483134035021067,1.0483134035021067,0.7407095342874527,1.0,0.0,0.0,0.019738591718317346,0.0,allow_high_n,utility_improves_with_confidence,2,repair,optimistic,8
1,raw,0.581712648893396,0.581712648893396,-0.03674956799174348,-0.03674956799174348,0.0,0.0,0.6184622168851396,0.0,0.5665902987138907,0.0,collect_pilot_labels,pilot_labels_needed,3,repair,optimistic,8
2,raw,0.949384572605292,0.949384572605292,0.3739943675075968,0.3967455994958679,0.9005334043254454,0.0,0.5753902050976952,0.022751231988271114,0.4139760121420674,0.0,collect_pilot_labels,pilot_labels_needed,3,repair,optimistic,8
4,raw,1.0547061450779438,1.0547061450779438,0.4601716973508398,0.6008219771708051,0.7778214313089847,0.0,0.5945344477271041,0.1406502798199653,0.3618009106772486,0.0,collect_pilot_labels,pilot_labels_needed,3,repair,optimistic,8
8,raw,1.1954314932227135,1.1954314932227135,0.6036381386220455,0.8707411964423954,0.8029871736963591,0.0,0.5814524733771881,0.26710305782034993,0.2665434514834173,0.0,collect_pilot_labels,pilot_labels_needed,3,repair,optimistic,8
16,raw,1.2944251348574956,1.2944251348574956,0.7522664678593477,0.9528587154733638,0.7563543409109116,0.2010584721149382,0.5620804227267703,0.20059224761401606,0.2432951628832051,0.0,collect_pilot_labels,pilot_labels_needed,3,repair,optimistic,8
32,raw,1.3205626606941223,1.3205626606941223,0.5847411826252937,0.9821670022793114,0.748989914357662,0.3520135806469349,0.5943295604277713,0.3974258196540177,0.2429584583548174,0.16752528523405397,collect_pilot_labels,pilot_labels_needed,3,repair,optimistic,8
64,raw,1.357538064320882,1.357538064320882,0.5206670165061951,1.002584039233625,0.7512457554539044,0.3185503219118302,0.6211485302483197,0.48191702272742987,0.06502267489845788,0.23159945135315263,collect_pilot_labels,pilot_labels_needed,3,repair,optimistic,8
1,calibrated,-2.0752289298363027,0.581712648893396,-0.03674956799174348,-0.03674956799174348,0.0,0.0,-2.0384793618445594,0.0,0.5665902987138907,0.0,allow_high_n,utility_improves_with_confidence,3,repair,optimistic,8
2,calibrated,-1.2268621347534159,0.9195659880836805,0.3967455994958679,0.3967455994958679,0.9005334043254454,0.0,-1.623607734249284,0.0,0.40409281104947564,0.0,allow_high_n,utility_improves_with_confidence,3,repair,optimistic,8
4,calibrated,-0.7531414154591038,0.9208307266235352,0.5337476298833886,0.6008219771708051,0.7778214313089847,0.0,-1.2868890453424926,0.06707434728741646,0.2505320883349111,0.0,allow_high_n,utility_improves_with_confidence,3,repair,optimistic,8
8,calibrated,-0.4115076820986965,0.9296871473391851,0.7195507131206492,0.8707411964423954,0.8029871736963591,0.24999999999999997,-1.2978258825691105,0.15119048332174623,0.18657534184519442,0.0,allow_high_n,utility_improves_with_confidence,3,repair,optimistic,8
16,calibrated,-0.27537947866444784,0.9075415581464767,0.7496658146070937,0.9528587154733638,0.7563543409109116,0.3916666666666666,-1.3518993007643925,0.20319290086627007,0.16916162401768386,0.0,allow_high_n,utility_improves_with_confidence,3,repair,optimistic,8
32,calibrated,-0.0886242294901361,0.9249532098571459,0.7417005944686631,0.9821670022793114,0.748989914357662,0.4565100829565405,-1.33397850029675,0.24046640781064832,0.11390285279936603,0.007965220138430595,allow_high_n,utility_improves_with_confidence,3,repair,optimistic,8
64,calibrated,0.07598406387337797,0.9725880865007639,0.8179058237971427,1.002584039233625,0.7512457554539044,0.4770931308093416,-1.3001308185965657,0.18467821543648222,0.05287935374992784,0.0,allow_high_n,utility_improves_with_confidence,3,repair,optimistic,8
1,uncertainty_aware,-2.788133753010382,0.581712648893396,-0.03674956799174348,-0.03674956799174348,0.0,0.0,-2.7513841850186385,0.0,0.5665902987138907,0.0,allow_high_n,utility_improves_with_confidence,3,repair,optimistic,8
2,uncertainty_aware,-1.925419612694532,0.9195659880836805,0.3967455994958679,0.3967455994958679,0.9005334043254454,0.0,-2.3221652121904,0.0,0.4074063846078199,0.0,allow_high_n,utility_improves_with_confidence,3,repair,optimistic,8
4,uncertainty_aware,-1.4915378174480673,0.9473889345924059,0.5479615308965246,0.6008219771708051,0.7778214313089847,0.0,-2.039499348344592,0.05286044627428055,0.29961913127032785,0.0,allow_high_n,utility_improves_with_confidence,3,repair,optimistic,8
8,uncertainty_aware,-1.1669057111566266,1.0015691667795181,0.76100890384987,0.8707411964423954,0.8029871736963591,0.4166666666666666,-2.017532773810284,0.10973229259252548,0.19196887640338348,0.0,allow_high_n,utility_improves_with_confidence,3,repair,optimistic,8
16,uncertainty_aware,-1.0362824132526294,1.0121248066425323,0.8013071087189019,0.9528587154733638,0.7563543409109116,0.6145284707521047,-2.046861267024651,0.1515516067544619,0.14962207061180585,0.0,allow_high_n,utility_improves_with_confidence,3,repair,optimistic,8
32,uncertainty_aware,-0.9005032051866874,0.9838818113009135,0.7812783157763382,0.9821670022793114,0.748989914357662,0.6293763434241219,-2.0481742304216217,0.2008886865029732,0.10087785521079422,0.020028792942563656,allow_high_n,utility_improves_with_confidence,3,repair,optimistic,8
64,uncertainty_aware,-0.7442419351218269,1.0340193901211023,0.831619793335752,1.002584039233625,0.7512457554539044,0.6048119881825283,-2.030057580733798,0.17096424589787296,0.0440159209736467,0.0,allow_high_n,utility_improves_with_confidence,3,repair,optimistic,8
1,consistency_aware,-2.017580976330986,0.581712648893396,-0.03674956799174348,-0.03674956799174348,0.0,0.0,-1.9808314083392424,0.0,0.5665902987138907,0.0,allow_high_n,utility_improves_with_confidence,3,repair,optimistic,8
2,consistency_aware,-1.2054378502381347,0.949384572605292,0.3739943675075968,0.3967455994958679,0.9005334043254454,0.0,-1.5794322177457314,0.022751231988271114,0.416420454799128,0.0,allow_high_n,utility_improves_with_confidence,3,repair,optimistic,8
4,consistency_aware,-0.8631746173929423,0.9939728255073229,0.5443328572437167,0.6008219771708051,0.7778214313089847,0.0,-1.407507474636659,0.05648911992708838,0.2933689059904805,0.0,allow_high_n,utility_improves_with_confidence,3,repair,optimistic,8
8,consistency_aware,-0.5846076917136088,1.037182368338108,0.7346408148296177,0.8707411964423954,0.8029871736963591,-0.08333333333333333,-1.4473616009686763,0.1361003816127777,0.22339886456676275,0.0,allow_high_n,utility_improves_with_confidence,3,repair,optimistic,8
16,consistency_aware,-0.4800806532877808,1.026725287238757,0.7446912575202683,0.9528587154733638,0.7563543409109116,0.17394152788506181,-1.4515181698153417,0.20816745795309544,0.18746189666191562,0.0,allow_high_n,utility_improves_with_confidence,3,repair,optimistic,8
32,consistency_aware,-0.31435703744025284,1.0545272467037041,0.7471437530281643,0.9821670022793114,0.748989914357662,0.3772352704687773,-1.3872115926413489,0.23502324925114715,0.13916825085248463,0.0,allow_high_n,utility_improves_with_confidence,3,repair,optimistic,8
64,consistency_aware,-0.15853867877429975,1.0920556286970775,0.7836861875257455,1.002584039233625,0.7512457554539044,0.3691919461934862,-1.336884530334646,0.21889785170787945,0.05061938885801868,0.0,allow_high_n,utility_improves_with_confidence,3,repair,optimistic,8
1,random,-0.12633155413743868,0.581712648893396,-0.03674956799174348,-0.03674956799174348,0.0,0.0,-0.0895819861456952,0.0,0.5665902987138907,0.0,block_high_n,tail_rank_failure,3,repair,optimistic,8
2,random,0.3737093396751463,0.5528388073047003,0.002684616483747959,0.3967455994958679,0.9005334043254454,0.0,0.3710247231913984,0.39406098301211995,0.5653751160918764,0.0,block_high_n,tail_rank_failure,3,repair,optimistic,8
4,random,0.8038686277460542,0.6389958163102468,0.028961572252834838,0.6008219771708051,0.7778214313089847,0.0,0.7749070554932193,0.5718604049179703,0.6155419064338045,0.0,block_high_n,tail_rank_failure,3,repair,optimistic,8
8,random,1.3864350101771687,0.6193100011247831,0.05850447004195303,0.8707411964423954,0.8029871736963591,-0.16666666666666666,1.0786895375971786,0.8122367264004424,0.6158099794619529,0.0,block_high_n,tail_rank_failure,3,repair,optimistic,8
16,random,1.7170373863438426,0.6619040535685295,0.1142225950025022,0.9528587154733638,0.7563543409109116,-0.061652745734394214,1.0299145583689402,0.8386361204708616,0.5753714596212437,0.0,block_high_n,tail_rank_failure,3,repair,optimistic,8
32,random,2.0023563975742533,0.4669117818896969,0.09923461855699618,0.9821670022793114,0.748989914357662,0.023994185461130326,1.1650144188996152,0.8829323837223152,0.3826447150011277,0.014987976445506021,block_high_n,tail_rank_failure,3,repair,optimistic,8
64,random,2.193619863163324,0.41106052324175835,-0.36494377674534917,1.002584039233625,0.7512457554539044,-0.13148262327099924,1.1873775739729726,1.367527815978974,0.28278193854543404,0.47916637174785137,block_high_n,tail_rank_failure,3,repair,optimistic,8
1,oracle,-0.03674956799174348,0.581712648893396,-0.03674956799174348,-0.03674956799174348,0.0,0.0,0.0,0.0,0.5665902987138907,0.0,allow_high_n,utility_improves_with_confidence,3,repair,optimistic,8
2,oracle,0.3967455994958679,0.9195659880836805,0.3967455994958679,0.3967455994958679,0.9005334043254454,0.0,0.0,0.0,0.4021970088448323,0.0,allow_high_n,utility_improves_with_confidence,3,repair,optimistic,8
4,oracle,0.6008219771708051,1.0042691839238007,0.6008219771708051,0.6008219771708051,0.7778214313089847,0.0,0.0,0.0,0.26592744627802306,0.0,allow_high_n,utility_improves_with_confidence,3,repair,optimistic,8
8,oracle,0.8707411964423954,1.062226024766763,0.8707411964423954,0.8707411964423954,0.8029871736963591,0.9999999999999999,0.0,0.0,0.13330999883275774,0.0,allow_high_n,utility_improves_with_confidence,3,repair,optimistic,8
16,oracle,0.9528587154733638,1.0863151128093402,0.9528587154733638,0.9528587154733638,0.7563543409109116,1.0,0.0,0.0,0.06991066974265962,0.0,allow_high_n,utility_improves_with_confidence,3,repair,optimistic,8
32,oracle,0.9821670022793114,1.1112139821052551,0.9821670022793114,0.9821670022793114,0.748989914357662,1.0,0.0,0.0,0.03924016701109928,0.0,allow_high_n,utility_improves_with_confidence,3,repair,optimistic,8
64,oracle,1.002584039233625,1.087863578577526,1.002584039233625,1.002584039233625,0.7512457554539044,1.0,0.0,0.0,0.017667501719455594,0.0,allow_high_n,utility_improves_with_confidence,3,repair,optimistic,8
1,raw,0.702399879693985,0.702399879693985,0.586276869677628,0.586276869677628,0.0,0.0,0.1161230100163569,0.0,0.4021557364691641,0.0,block_high_n,tail_rank_failure,0,learned_diffusion_world_model,learned_diffusion_world_model,8
2,raw,0.7836970239877701,0.7836970239877701,0.4840758430461089,0.6961671400349587,0.15932830683887003,0.0,0.2996211809416612,0.21209129698884982,0.5593965071671884,0.10220102663151914,block_high_n,tail_rank_failure,0,learned_diffusion_world_model,learned_diffusion_world_model,8
4,raw,0.8768014858166376,0.8768014858166376,0.021208020237584908,0.7734478960434595,0.14188312528034056,0.0,0.8555934655790528,0.7522398758058746,0.5855769391399217,0.5650688494400431,block_high_n,tail_rank_failure,0,learned_diffusion_world_model,learned_diffusion_world_model,8
8,raw,0.9372453292210897,0.9372453292210897,-0.326141153772672,0.9538207501173019,0.11686690356582403,-0.3333333333333333,1.0609935275278986,1.2799619038899739,0.3484224115490397,0.9124180234503001,block_high_n,tail_rank_failure,0,learned_diffusion_world_model,learned_diffusion_world_model,8
16,raw,0.9867991556723913,0.9867991556723913,-0.5323213363687197,1.0073865801095963,0.11293143865962822,-0.18333333333333335,1.2606669840558122,1.5397079164783158,0.2574199701554993,1.1185982060463477,block_high_n,tail_rank_failure,0,learned_diffusion_world_model,learned_diffusion_world_model,8
32,raw,0.997158482670784,0.997158482670784,-0.5614223058025042,1.0778202662865322,0.10815334394574165,-0.26190476190476203,1.3041843365353998,1.6392425720890365,0.17423346931169328,1.1476991754801322,block_high_n,tail_rank_failure,0,learned_diffusion_world_model,learned_diffusion_world_model,8
64,raw,1.0202786425749462,1.0202786425749462,-0.6983165430525938,1.1064304361740749,0.1068529552469651,-0.3318627450980392,1.3261913433458783,1.8047469792266688,0.0947781458313829,1.2845934127302219,block_high_n,tail_rank_failure,0,learned_diffusion_world_model,learned_diffusion_world_model,8
1,calibrated,0.6171949566155672,0.702399879693985,0.586276869677628,0.586276869677628,0.0,0.0,0.030918086937939154,0.0,0.4021557364691641,0.0,stop_early,high_n_regret_detected,0,learned_diffusion_world_model,learned_diffusion_world_model,8
2,calibrated,0.8100466881909717,0.6671079124013582,0.6309381544124335,0.6961671400349587,0.15932830683887003,0.0,0.1791085337785383,0.06522898562252522,0.2247256099900786,0.0,stop_early,high_n_regret_detected,0,learned_diffusion_world_model,learned_diffusion_world_model,8
4,calibrated,0.9013702753962328,0.6708519384264946,0.5901793490629643,0.7734478960434595,0.14188312528034056,0.0,0.31119092633326856,0.18326854698049522,0.15075189777342482,0.040758805349469185,stop_early,high_n_regret_detected,0,learned_diffusion_world_model,learned_diffusion_world_model,8
8,calibrated,0.9904297922675808,0.6645823741952578,0.6307716072381785,0.9538207501173019,0.11686690356582403,-0.16666666666666663,0.2788229497366896,0.32304914287912345,0.11805246076374876,0.0001665471742550162,stop_early,high_n_regret_detected,0,learned_diffusion_world_model,learned_diffusion_world_model,8
16,calibrated,1.0120834568608552,0.6563833653926849,0.6046021493772665,1.0073865801095963,0.11293143865962822,-0.24999999999999997,0.2535695313406177,0.4027844307323297,0.06882651793775,0.026336005035166976,stop_early,high_n_regret_detected,0,learned_diffusion_world_model,learned_diffusion_world_model,8
32,calibrated,1.0248004892158011,0.6759786481658617,0.6153299423555533,1.0778202662865322,0.10815334394574165,-0.38690476190476203,0.18419931118609387,0.4624903239309789,0.0607251751746323,0.015608212056880233,stop_early,high_n_regret_detected,0,learned_diffusion_world_model,learned_diffusion_world_model,8
64,calibrated,1.0417306688707322,0.6968684693177541,0.6138185386856397,1.1064304361740749,0.1068529552469651,-0.38602941176470584,0.17505022887334545,0.49261189748843515,0.049602769886835846,0.01711961572679377,stop_early,high_n_regret_detected,0,learned_diffusion_world_model,learned_diffusion_world_model,8
1,raw,0.8218732376893362,0.8218732376893362,0.19204041734337807,0.19204041734337807,0.0,0.0,0.6298328203459581,0.0,0.2577965451309107,0.0,block_high_n,tail_rank_failure,1,learned_diffusion_world_model,learned_diffusion_world_model,8
2,raw,0.8870825717846552,0.8870825717846552,0.13022929117626822,0.46749202967233333,0.17701110628743968,0.0,0.7568532806083871,0.33726273849606514,0.48685102786291995,0.06181112616710985,block_high_n,tail_rank_failure,1,learned_diffusion_world_model,learned_diffusion_world_model,8
4,raw,0.9812734772761663,0.9812734772761663,-0.015209807102413228,0.6607661650826534,0.12962975980093086,0.0,0.9964832843785795,0.6759759721850667,0.5554189908613655,0.2072502244457913,block_high_n,tail_rank_failure,1,learned_diffusion_world_model,learned_diffusion_world_model,8
8,raw,1.0137457897265751,1.0137457897265751,-0.39674267669518787,0.7685601891328891,0.12306886153916519,0.3333333333333333,1.2966582164808642,1.165302865828077,0.32864058791461165,0.5887830940385659,block_high_n,tail_rank_failure,1,learned_diffusion_world_model,learned_diffusion_world_model,8
16,raw,1.0547090470790863,1.0547090470790863,-0.6447127722203732,0.8163032264759144,0.11194156010945634,-0.32184460105228146,1.42178636083554,1.4610159986962876,0.2580126509812596,0.8367531895637512,block_high_n,tail_rank_failure,1,learned_diffusion_world_model,learned_diffusion_world_model,8
32,raw,1.0796918123960495,1.0796918123960495,-0.6454553417861462,0.875707351292173,0.10713190846145153,-0.4137515744934063,1.4396443541409099,1.521162693078319,0.22834560351868113,0.8374957591295242,block_high_n,tail_rank_failure,1,learned_diffusion_world_model,learned_diffusion_world_model,8
64,raw,1.103401318192482,1.103401318192482,-0.7803120563427607,0.8944785079608361,0.10525777662793796,-0.4696361712607848,1.5159878485101217,1.6747905643035967,0.06095234398960501,0.9723524736861388,block_high_n,tail_rank_failure,1,learned_diffusion_world_model,learned_diffusion_world_model,8
1,calibrated,0.14955680059889956,0.8218732376893362,0.19204041734337807,0.19204041734337807,0.0,0.0,-0.0424836167444785,0.0,0.2577965451309107,0.0,block_high_n,tail_rank_failure,1,learned_diffusion_world_model,learned_diffusion_world_model,8
2,calibrated,0.5226502427396675,0.7648648396134377,0.3017465317000945,0.46749202967233333,0.17701110628743968,0.0,0.220903711039573,0.1657454979722388,0.24191427995159506,0.0,block_high_n,tail_rank_failure,1,learned_diffusion_world_model,learned_diffusion_world_model,8
4,calibrated,0.732778914831579,0.7747437755266825,0.45482292398810387,0.6607661650826534,0.12962975980093086,0.0,0.27795599084347483,0.20594324109454953,0.24944398835692497,0.0,block_high_n,tail_rank_failure,1,learned_diffusion_world_model,learned_diffusion_world_model,8
8,calibrated,0.9158260738135625,0.7295653373003006,0.4196187121172746,0.7685601891328891,0.12306886153916519,0.0,0.4791732599275807,0.34894147701561457,0.23126790881502393,0.03520421187082928,block_high_n,tail_rank_failure,1,learned_diffusion_world_model,learned_diffusion_world_model,8
16,calibrated,1.065460764657085,0.724115585287412,0.3168723825365305,0.8163032264759144,0.11194156010945634,-0.06666666666666668,0.5655256264695587,0.49943084393938386,0.17346701653855737,0.13795054145157337,block_high_n,tail_rank_failure,1,learned_diffusion_world_model,learned_diffusion_world_model,8
32,calibrated,1.085484248440092,0.6999596481521925,0.2950487354149421,0.875707351292173,0.10713190846145153,-0.16232899234083087,0.537915231178049,0.5806586158772309,0.17709411468155603,0.15977418857316178,block_high_n,tail_rank_failure,1,learned_diffusion_world_model,learned_diffusion_world_model,8
64,calibrated,1.1115715299670894,0.7173938527703285,0.13691883472104868,0.8944785079608361,0.10525777662793796,-0.24728939150272156,0.5620176145203489,0.7575596732397873,0.09450751443300402,0.31790408926705516,block_high_n,tail_rank_failure,1,learned_diffusion_world_model,learned_diffusion_world_model,8
1,raw,0.8017613266905149,0.8017613266905149,-0.07484759762883186,-0.07484759762883186,0.0,0.0,0.8766089243193468,0.0,0.5273066452313628,0.0,block_high_n,tail_rank_failure,2,learned_diffusion_world_model,learned_diffusion_world_model,8
2,raw,0.8441248734792074,0.8441248734792074,-0.30409639701247215,0.5389399901032448,0.19744693585671488,0.0,1.1482212704916794,0.8430363871157169,0.5199439116524281,0.2292487993836403,block_high_n,tail_rank_failure,2,learned_diffusion_world_model,learned_diffusion_world_model,8
4,raw,0.8655933936436971,0.8655933936436971,-0.45677654693524045,0.6115116824706396,0.14016506423552835,0.0,1.3223699405789375,1.06828822940588,0.3905978296075705,0.3819289493064086,block_high_n,tail_rank_failure,2,learned_diffusion_world_model,learned_diffusion_world_model,8
8,raw,0.9068665107091268,0.9068665107091268,-0.4684439714377125,0.8462181091308594,0.12088560548921427,-0.16666666666666663,1.1958470330573618,1.3146620805685718,0.3513060007649819,0.39359637380888063,block_high_n,tail_rank_failure,2,learned_diffusion_world_model,learned_diffusion_world_model,8
16,raw,0.9266515324513117,0.9266515324513117,-0.542148057371378,0.9742051859696707,0.10913037471473215,-0.30000000000000004,1.2800943048399251,1.5163532433410487,0.3035030096862779,0.4673004597425461,block_high_n,tail_rank_failure,2,learned_diffusion_world_model,learned_diffusion_world_model,8
32,raw,0.9555989106496176,0.9555989106496176,-0.5341554420689741,1.0160137675702572,0.10537360683083534,-0.39457207873186234,1.3073419459008921,1.5501692096392312,0.29360669542354667,0.4593078444401423,block_high_n,tail_rank_failure,2,learned_diffusion_world_model,learned_diffusion_world_model,8
64,raw,0.9798933416604996,0.9798933416604996,-0.8009997047483921,1.0702753812074661,0.10384982675313952,-0.37161782996529896,1.33847276775244,1.8712750859558582,0.10888373479335929,0.7261521071195602,block_high_n,tail_rank_failure,2,learned_diffusion_world_model,learned_diffusion_world_model,8
1,calibrated,-0.010383885651826777,0.8017613266905149,-0.07484759762883186,-0.07484759762883186,0.0,0.0,0.06446371197700508,0.0,0.5273066452313628,0.0,block_high_n,tail_rank_failure,2,learned_diffusion_world_model,learned_diffusion_world_model,8
2,calibrated,0.7337214341945947,0.7032517318924268,0.524166631201903,0.5389399901032448,0.19744693585671488,0.0,0.2095548029926916,0.014773358901341793,0.24182595901088444,0.0,block_high_n,tail_rank_failure,2,learned_diffusion_world_model,learned_diffusion_world_model,8
4,calibrated,0.88564512526306,0.6736878504355749,0.3272337118784587,0.6115116824706396,0.14016506423552835,0.0,0.5584114133846015,0.2842779705921809,0.2941541209259967,0.1969329193234443,block_high_n,tail_rank_failure,2,learned_diffusion_world_model,learned_diffusion_world_model,8
8,calibrated,1.0567846167832613,0.649828573067983,0.42085079848766327,0.8462181091308594,0.12088560548921427,-0.3333333333333333,0.5376641828954841,0.4253673106431961,0.17358410668784807,0.10331583271423972,block_high_n,tail_rank_failure,2,learned_diffusion_world_model,learned_diffusion_world_model,8
16,calibrated,1.071807119762525,0.6513138860464096,0.48233850797017414,0.9742051859696707,0.10913037471473215,-0.38333333333333336,0.4617745750544904,0.4918666779994965,0.13987190523766993,0.04182812323172885,block_high_n,tail_rank_failure,2,learned_diffusion_world_model,learned_diffusion_world_model,8
32,calibrated,1.0929814281252523,0.6452367727955183,0.43843768537044525,1.0160137675702572,0.10537360683083534,-0.3313492063492064,0.46458553349560444,0.5775760821998119,0.12541894232051265,0.08572894583145774,block_high_n,tail_rank_failure,2,learned_diffusion_world_model,learned_diffusion_world_model,8
64,calibrated,1.1616533995512874,0.649402491748333,0.30133607735236484,1.0702753812074661,0.10384982675313952,-0.44175003590635425,0.4493923480168451,0.7689393038551013,0.06716065259280388,0.22283055384953815,block_high_n,tail_rank_failure,2,learned_diffusion_world_model,learned_diffusion_world_model,8
1,raw,0.8060653905073801,0.8060653905073801,-0.136488671724995,-0.136488671724995,0.0,0.0,0.9425540622323751,0.0,0.7038294037269424,0.0,block_high_n,tail_rank_failure,3,learned_diffusion_world_model,learned_diffusion_world_model,8
2,raw,0.8764997671047846,0.8764997671047846,-0.19538037843691805,0.14497723740835985,0.17715689179797967,0.0,1.0718801455417026,0.3403576158452779,0.8249786404856309,0.058891706711923064,block_high_n,tail_rank_failure,3,learned_diffusion_world_model,learned_diffusion_world_model,8
4,raw,0.8895624776681265,0.8895624776681265,-0.6470205994167676,0.7167055855194727,0.15293413127462072,0.0,1.536583077084894,1.3637261849362403,0.6493855595069218,0.5105319276917726,block_high_n,tail_rank_failure,3,learned_diffusion_world_model,learned_diffusion_world_model,8
8,raw,0.9591547499100367,0.9591547499100367,-1.0657870905318607,0.896830196181933,0.1265520998587211,-0.49999999999999994,1.6469879199673112,1.9626172867137939,0.4849191059480855,0.9292984188068657,block_high_n,tail_rank_failure,3,learned_diffusion_world_model,learned_diffusion_world_model,8
16,raw,0.9706102510293325,0.9706102510293325,-0.8617139451671392,0.9193437049786249,0.11716970702012376,-0.40484990747893007,1.4864140969487682,1.781057650145764,0.31911498263304144,0.7252252734421442,block_high_n,tail_rank_failure,3,learned_diffusion_world_model,learned_diffusion_world_model,8
32,raw,0.9975165476401647,0.9975165476401647,-0.8885624817727754,0.9599127074082693,0.1110247790813446,-0.30291956929377545,1.4697132963968518,1.8484751891810447,0.19027147674742906,0.7520738100477804,block_high_n,tail_rank_failure,3,learned_diffusion_world_model,learned_diffusion_world_model,8
64,raw,1.0083330571651459,1.0083330571651459,-0.8679473560769111,1.0075184504191081,0.10468459104498229,-0.3674947475662563,1.4891028621316877,1.8754658064960192,0.10029529447188605,0.7314586843519161,block_high_n,tail_rank_failure,3,learned_diffusion_world_model,learned_diffusion_world_model,8
1,calibrated,-0.313336982258285,0.8060653905073801,-0.136488671724995,-0.136488671724995,0.0,0.0,-0.17684831053329,0.0,0.7038294037269424,0.0,collect_pilot_labels,pilot_labels_needed,3,learned_diffusion_world_model,learned_diffusion_world_model,8
2,calibrated,0.12172178540378815,0.7205412412683169,0.11803921312093735,0.14497723740835985,0.17715689179797967,0.0,0.0036825722828508303,0.026938024287422507,0.6023721507044227,0.0,collect_pilot_labels,pilot_labels_needed,3,learned_diffusion_world_model,learned_diffusion_world_model,8
4,calibrated,0.6542975956325731,0.621540479362011,0.13110352586954832,0.7167055855194727,0.15293413127462072,0.0,0.5231940697630247,0.5856020596499244,0.4395466045322343,0.0,collect_pilot_labels,pilot_labels_needed,3,learned_diffusion_world_model,learned_diffusion_world_model,8
8,calibrated,0.8124480320482205,0.6346944272518158,0.3249374075482289,0.896830196181933,0.1265520998587211,0.16666666666666666,0.36617634480974326,0.5718927886337042,0.41777607937450406,0.0,collect_pilot_labels,pilot_labels_needed,3,learned_diffusion_world_model,learned_diffusion_world_model,8
16,calibrated,0.9692224644683303,0.6387745390335718,0.19835911877453327,0.9193437049786249,0.11716970702012376,-0.03333333333333336,0.6344308733994453,0.7209845862040917,0.17694415919945464,0.12657828877369565,collect_pilot_labels,pilot_labels_needed,3,learned_diffusion_world_model,learned_diffusion_world_model,8
32,calibrated,0.9810616940197847,0.6267722522219022,0.20924953510984778,0.9599127074082693,0.1110247790813446,-0.10955471982696253,0.6719001771408756,0.7506631722984215,0.14573274339336326,0.11568787243838113,collect_pilot_labels,pilot_labels_needed,3,learned_diffusion_world_model,learned_diffusion_world_model,8
64,calibrated,1.0405030870903285,0.6424547185500463,0.24881947537263235,1.0075184504191081,0.10468459104498229,-0.1744195040372788,0.6531807887177759,0.7586989750464758,0.09132395241183773,0.07611793217559656,collect_pilot_labels,pilot_labels_needed,3,learned_diffusion_world_model,learned_diffusion_world_model,8
