env_id,pool_id,scorer,N,selected_real_utility,selected_score,oracle_real_utility,tail_rank_correlation
CartPole-v1,12,random,1,0.125,1.4632881706366243,0.125,-0.07838087532171627
CartPole-v1,12,random,2,0.125,1.4632881706366243,0.125,-0.07838087532171627
CartPole-v1,12,random,4,0.125,1.4632881706366243,0.5625,-0.07838087532171627
CartPole-v1,12,random,8,0.125,1.4632881706366243,0.5625,-0.07838087532171627
CartPole-v1,12,random,16,0.125,1.4632881706366243,0.5625,-0.07838087532171627
CartPole-v1,12,random,32,0.125,2.0399085136647406,0.5625,-0.07838087532171627
CartPole-v1,12,random,64,0.125,2.0399085136647406,0.5875,-0.07838087532171627
CartPole-v1,12,raw_ridge,1,0.125,0.1262443386038562,0.125,0.38105910089596073
CartPole-v1,12,raw_ridge,2,0.125,0.1262443386038562,0.125,0.38105910089596073
CartPole-v1,12,raw_ridge,4,0.5625,0.4723401994857546,0.5625,0.38105910089596073
CartPole-v1,12,raw_ridge,8,0.5625,0.4723401994857546,0.5625,0.38105910089596073
CartPole-v1,12,raw_ridge,16,0.5625,0.4723401994857546,0.5625,0.38105910089596073
CartPole-v1,12,raw_ridge,32,0.5625,0.4723401994857546,0.5625,0.38105910089596073
CartPole-v1,12,raw_ridge,64,0.5625,0.4723401994857546,0.5875,0.38105910089596073
CartPole-v1,12,lcb_ridge,1,0.125,-0.03509614341879404,0.125,0.3069629431049736
CartPole-v1,12,lcb_ridge,2,0.125,-0.03509614341879404,0.125,0.3069629431049736
CartPole-v1,12,lcb_ridge,4,0.5625,0.2718587041918476,0.5625,0.3069629431049736
CartPole-v1,12,lcb_ridge,8,0.5625,0.2718587041918476,0.5625,0.3069629431049736
CartPole-v1,12,lcb_ridge,16,0.5625,0.2718587041918476,0.5625,0.3069629431049736
CartPole-v1,12,lcb_ridge,32,0.5625,0.2718587041918476,0.5625,0.3069629431049736
CartPole-v1,12,lcb_ridge,64,0.5625,0.2718587041918476,0.5875,0.3069629431049736
CartPole-v1,12,anti_ridge,1,0.125,-0.1262443386038562,0.125,-0.38105910089596073
CartPole-v1,12,anti_ridge,2,0.1125,-0.12454232328922056,0.125,-0.38105910089596073
CartPole-v1,12,anti_ridge,4,0.1125,-0.12454232328922056,0.5625,-0.38105910089596073
CartPole-v1,12,anti_ridge,8,0.1125,-0.12454232328922056,0.5625,-0.38105910089596073
CartPole-v1,12,anti_ridge,16,0.2,-0.09893172150663777,0.5625,-0.38105910089596073
CartPole-v1,12,anti_ridge,32,0.2,-0.09893172150663777,0.5625,-0.38105910089596073
CartPole-v1,12,anti_ridge,64,0.2,-0.09893172150663777,0.5875,-0.38105910089596073
CartPole-v1,12,oracle,1,0.125,0.125,0.125,0.9999999999999998
CartPole-v1,12,oracle,2,0.125,0.125,0.125,0.9999999999999998
CartPole-v1,12,oracle,4,0.5625,0.5625,0.5625,0.9999999999999998
CartPole-v1,12,oracle,8,0.5625,0.5625,0.5625,0.9999999999999998
CartPole-v1,12,oracle,16,0.5625,0.5625,0.5625,0.9999999999999998
CartPole-v1,12,oracle,32,0.5625,0.5625,0.5625,0.9999999999999998
CartPole-v1,12,oracle,64,0.5875,0.5875,0.5875,0.9999999999999998
CartPole-v1,12,raw_ridge_minus_random,1,0.0,,,
CartPole-v1,12,raw_ridge_minus_random,2,0.0,,,
CartPole-v1,12,raw_ridge_minus_random,4,0.4375,,,
CartPole-v1,12,raw_ridge_minus_random,8,0.4375,,,
CartPole-v1,12,raw_ridge_minus_random,16,0.4375,,,
CartPole-v1,12,raw_ridge_minus_random,32,0.4375,,,
CartPole-v1,12,raw_ridge_minus_random,64,0.4375,,,
CartPole-v1,12,lcb_ridge_minus_random,1,0.0,,,
CartPole-v1,12,lcb_ridge_minus_random,2,0.0,,,
CartPole-v1,12,lcb_ridge_minus_random,4,0.4375,,,
CartPole-v1,12,lcb_ridge_minus_random,8,0.4375,,,
CartPole-v1,12,lcb_ridge_minus_random,16,0.4375,,,
CartPole-v1,12,lcb_ridge_minus_random,32,0.4375,,,
CartPole-v1,12,lcb_ridge_minus_random,64,0.4375,,,
CartPole-v1,12,anti_ridge_minus_random,1,0.0,,,
CartPole-v1,12,anti_ridge_minus_random,2,-0.012499999999999997,,,
CartPole-v1,12,anti_ridge_minus_random,4,-0.012499999999999997,,,
CartPole-v1,12,anti_ridge_minus_random,8,-0.012499999999999997,,,
CartPole-v1,12,anti_ridge_minus_random,16,0.07500000000000001,,,
CartPole-v1,12,anti_ridge_minus_random,32,0.07500000000000001,,,
CartPole-v1,12,anti_ridge_minus_random,64,0.07500000000000001,,,
CartPole-v1,12,oracle_minus_random,1,0.0,,,
CartPole-v1,12,oracle_minus_random,2,0.0,,,
CartPole-v1,12,oracle_minus_random,4,0.4375,,,
CartPole-v1,12,oracle_minus_random,8,0.4375,,,
CartPole-v1,12,oracle_minus_random,16,0.4375,,,
CartPole-v1,12,oracle_minus_random,32,0.4375,,,
CartPole-v1,12,oracle_minus_random,64,0.4625,,,
CartPole-v1,13,random,1,0.1125,-0.7130050461575909,0.1125,-0.21621447931606658
CartPole-v1,13,random,2,0.1125,-0.7130050461575909,0.125,-0.21621447931606658
CartPole-v1,13,random,4,0.125,0.2846050899530414,0.3125,-0.21621447931606658
CartPole-v1,13,random,8,0.1125,1.0617471620042866,0.3125,-0.21621447931606658
CartPole-v1,13,random,16,0.1125,1.0617471620042866,0.325,-0.21621447931606658
CartPole-v1,13,random,32,0.1125,1.3633220912168693,0.325,-0.21621447931606658
CartPole-v1,13,random,64,0.1125,1.569232391899848,0.325,-0.21621447931606658
CartPole-v1,13,raw_ridge,1,0.1125,0.11093048686665735,0.1125,0.3422266464282399
CartPole-v1,13,raw_ridge,2,0.1125,0.11093048686665735,0.125,0.3422266464282399
CartPole-v1,13,raw_ridge,4,0.3125,0.4570263477485557,0.3125,0.3422266464282399
CartPole-v1,13,raw_ridge,8,0.3125,0.4570263477485557,0.3125,0.3422266464282399
CartPole-v1,13,raw_ridge,16,0.3125,0.4570263477485557,0.325,0.3422266464282399
CartPole-v1,13,raw_ridge,32,0.3125,0.4570263477485557,0.325,0.3422266464282399
CartPole-v1,13,raw_ridge,64,0.3125,0.4570263477485557,0.325,0.3422266464282399
CartPole-v1,13,lcb_ridge,1,0.1125,-0.04758093939575135,0.1125,0.11930705920226203
CartPole-v1,13,lcb_ridge,2,0.1125,-0.04758093939575135,0.125,0.11930705920226203
CartPole-v1,13,lcb_ridge,4,0.3125,0.24278042098231606,0.3125,0.11930705920226203
CartPole-v1,13,lcb_ridge,8,0.3125,0.24278042098231606,0.3125,0.11930705920226203
CartPole-v1,13,lcb_ridge,16,0.3125,0.24278042098231606,0.325,0.11930705920226203
CartPole-v1,13,lcb_ridge,32,0.3125,0.24278042098231606,0.325,0.11930705920226203
CartPole-v1,13,lcb_ridge,64,0.3125,0.24278042098231606,0.325,0.11930705920226203
CartPole-v1,13,anti_ridge,1,0.1125,-0.11093048686665735,0.1125,-0.3422266464282399
CartPole-v1,13,anti_ridge,2,0.125,-0.10922847155202173,0.125,-0.3422266464282399
CartPole-v1,13,anti_ridge,4,0.125,-0.10922847155202173,0.3125,-0.3422266464282399
CartPole-v1,13,anti_ridge,8,0.125,-0.10922847155202173,0.3125,-0.3422266464282399
CartPole-v1,13,anti_ridge,16,0.125,-0.10922847155202173,0.325,-0.3422266464282399
CartPole-v1,13,anti_ridge,32,0.2375,-0.10459819115863729,0.325,-0.3422266464282399
CartPole-v1,13,anti_ridge,64,0.1125,-0.0960535841444087,0.325,-0.3422266464282399
CartPole-v1,13,oracle,1,0.1125,0.1125,0.1125,1.0
CartPole-v1,13,oracle,2,0.125,0.125,0.125,1.0
CartPole-v1,13,oracle,4,0.3125,0.3125,0.3125,1.0
CartPole-v1,13,oracle,8,0.3125,0.3125,0.3125,1.0
CartPole-v1,13,oracle,16,0.325,0.325,0.325,1.0
CartPole-v1,13,oracle,32,0.325,0.325,0.325,1.0
CartPole-v1,13,oracle,64,0.325,0.325,0.325,1.0
CartPole-v1,13,raw_ridge_minus_random,1,0.0,,,
CartPole-v1,13,raw_ridge_minus_random,2,0.0,,,
CartPole-v1,13,raw_ridge_minus_random,4,0.1875,,,
CartPole-v1,13,raw_ridge_minus_random,8,0.2,,,
CartPole-v1,13,raw_ridge_minus_random,16,0.2,,,
CartPole-v1,13,raw_ridge_minus_random,32,0.2,,,
CartPole-v1,13,raw_ridge_minus_random,64,0.2,,,
CartPole-v1,13,lcb_ridge_minus_random,1,0.0,,,
CartPole-v1,13,lcb_ridge_minus_random,2,0.0,,,
CartPole-v1,13,lcb_ridge_minus_random,4,0.1875,,,
CartPole-v1,13,lcb_ridge_minus_random,8,0.2,,,
CartPole-v1,13,lcb_ridge_minus_random,16,0.2,,,
CartPole-v1,13,lcb_ridge_minus_random,32,0.2,,,
CartPole-v1,13,lcb_ridge_minus_random,64,0.2,,,
CartPole-v1,13,anti_ridge_minus_random,1,0.0,,,
CartPole-v1,13,anti_ridge_minus_random,2,0.012499999999999997,,,
CartPole-v1,13,anti_ridge_minus_random,4,0.0,,,
CartPole-v1,13,anti_ridge_minus_random,8,0.012499999999999997,,,
CartPole-v1,13,anti_ridge_minus_random,16,0.012499999999999997,,,
CartPole-v1,13,anti_ridge_minus_random,32,0.12499999999999999,,,
CartPole-v1,13,anti_ridge_minus_random,64,0.0,,,
CartPole-v1,13,oracle_minus_random,1,0.0,,,
CartPole-v1,13,oracle_minus_random,2,0.012499999999999997,,,
CartPole-v1,13,oracle_minus_random,4,0.1875,,,
CartPole-v1,13,oracle_minus_random,8,0.2,,,
CartPole-v1,13,oracle_minus_random,16,0.21250000000000002,,,
CartPole-v1,13,oracle_minus_random,32,0.21250000000000002,,,
CartPole-v1,13,oracle_minus_random,64,0.21250000000000002,,,
CartPole-v1,14,random,1,0.1125,-0.36514516974997396,0.1125,0.005544980132578113
CartPole-v1,14,random,2,0.125,0.8356841031127559,0.125,0.005544980132578113
CartPole-v1,14,random,4,0.125,0.8356841031127559,0.3375,0.005544980132578113
CartPole-v1,14,random,8,0.125,0.8356841031127559,0.3375,0.005544980132578113
CartPole-v1,14,random,16,0.125,1.3485531364542698,0.3375,0.005544980132578113
CartPole-v1,14,random,32,0.1125,1.6867581935548683,0.3375,0.005544980132578113
CartPole-v1,14,random,64,0.2,2.6203946833402463,0.35,0.005544980132578113
CartPole-v1,14,raw_ridge,1,0.1125,0.10604243605218217,0.1125,0.35164265402950606
CartPole-v1,14,raw_ridge,2,0.1125,0.10604243605218217,0.125,0.35164265402950606
CartPole-v1,14,raw_ridge,4,0.3,0.4521382969340806,0.3375,0.35164265402950606
CartPole-v1,14,raw_ridge,8,0.3,0.4521382969340806,0.3375,0.35164265402950606
CartPole-v1,14,raw_ridge,16,0.3,0.4521382969340806,0.3375,0.35164265402950606
CartPole-v1,14,raw_ridge,32,0.3,0.4521382969340806,0.3375,0.35164265402950606
CartPole-v1,14,raw_ridge,64,0.3,0.4521382969340806,0.35,0.35164265402950606
CartPole-v1,14,lcb_ridge,1,0.1125,-0.05619122480705303,0.1125,0.20843239585576612
CartPole-v1,14,lcb_ridge,2,0.1125,-0.05619122480705303,0.125,0.20843239585576612
CartPole-v1,14,lcb_ridge,4,0.3,0.24052921134584276,0.3375,0.20843239585576612
CartPole-v1,14,lcb_ridge,8,0.3,0.24052921134584276,0.3375,0.20843239585576612
CartPole-v1,14,lcb_ridge,16,0.3,0.24052921134584276,0.3375,0.20843239585576612
CartPole-v1,14,lcb_ridge,32,0.3,0.24052921134584276,0.3375,0.20843239585576612
CartPole-v1,14,lcb_ridge,64,0.3,0.24052921134584276,0.35,0.20843239585576612
CartPole-v1,14,anti_ridge,1,0.1125,-0.10604243605218217,0.1125,-0.35164265402950606
CartPole-v1,14,anti_ridge,2,0.125,-0.10434042073754654,0.125,-0.35164265402950606
CartPole-v1,14,anti_ridge,4,0.125,-0.10434042073754654,0.3375,-0.35164265402950606
CartPole-v1,14,anti_ridge,8,0.125,-0.10434042073754654,0.3375,-0.35164265402950606
CartPole-v1,14,anti_ridge,16,0.125,-0.10434042073754654,0.3375,-0.35164265402950606
CartPole-v1,14,anti_ridge,32,0.1125,-0.09700643919200323,0.3375,-0.35164265402950606
CartPole-v1,14,anti_ridge,64,0.1125,-0.09700643919200323,0.35,-0.35164265402950606
CartPole-v1,14,oracle,1,0.1125,0.1125,0.1125,1.0
CartPole-v1,14,oracle,2,0.125,0.125,0.125,1.0
CartPole-v1,14,oracle,4,0.3375,0.3375,0.3375,1.0
CartPole-v1,14,oracle,8,0.3375,0.3375,0.3375,1.0
CartPole-v1,14,oracle,16,0.3375,0.3375,0.3375,1.0
CartPole-v1,14,oracle,32,0.3375,0.3375,0.3375,1.0
CartPole-v1,14,oracle,64,0.35,0.35,0.35,1.0
CartPole-v1,14,raw_ridge_minus_random,1,0.0,,,
CartPole-v1,14,raw_ridge_minus_random,2,-0.012499999999999997,,,
CartPole-v1,14,raw_ridge_minus_random,4,0.175,,,
CartPole-v1,14,raw_ridge_minus_random,8,0.175,,,
CartPole-v1,14,raw_ridge_minus_random,16,0.175,,,
CartPole-v1,14,raw_ridge_minus_random,32,0.1875,,,
CartPole-v1,14,raw_ridge_minus_random,64,0.09999999999999998,,,
CartPole-v1,14,lcb_ridge_minus_random,1,0.0,,,
CartPole-v1,14,lcb_ridge_minus_random,2,-0.012499999999999997,,,
CartPole-v1,14,lcb_ridge_minus_random,4,0.175,,,
CartPole-v1,14,lcb_ridge_minus_random,8,0.175,,,
CartPole-v1,14,lcb_ridge_minus_random,16,0.175,,,
CartPole-v1,14,lcb_ridge_minus_random,32,0.1875,,,
CartPole-v1,14,lcb_ridge_minus_random,64,0.09999999999999998,,,
CartPole-v1,14,anti_ridge_minus_random,1,0.0,,,
CartPole-v1,14,anti_ridge_minus_random,2,0.0,,,
CartPole-v1,14,anti_ridge_minus_random,4,0.0,,,
CartPole-v1,14,anti_ridge_minus_random,8,0.0,,,
CartPole-v1,14,anti_ridge_minus_random,16,0.0,,,
CartPole-v1,14,anti_ridge_minus_random,32,0.0,,,
CartPole-v1,14,anti_ridge_minus_random,64,-0.08750000000000001,,,
CartPole-v1,14,oracle_minus_random,1,0.0,,,
CartPole-v1,14,oracle_minus_random,2,0.0,,,
CartPole-v1,14,oracle_minus_random,4,0.21250000000000002,,,
CartPole-v1,14,oracle_minus_random,8,0.21250000000000002,,,
CartPole-v1,14,oracle_minus_random,16,0.21250000000000002,,,
CartPole-v1,14,oracle_minus_random,32,0.22500000000000003,,,
CartPole-v1,14,oracle_minus_random,64,0.14999999999999997,,,
CartPole-v1,15,random,1,0.125,0.03811106923995722,0.125,0.03458407283957944
CartPole-v1,15,random,2,0.125,0.03811106923995722,0.125,0.03458407283957944
CartPole-v1,15,random,4,0.1625,2.4704718433824846,0.6625,0.03458407283957944
CartPole-v1,15,random,8,0.1625,2.4704718433824846,0.6625,0.03458407283957944
CartPole-v1,15,random,16,0.1625,2.4704718433824846,0.6625,0.03458407283957944
CartPole-v1,15,random,32,0.1625,2.4704718433824846,0.6625,0.03458407283957944
CartPole-v1,15,random,64,0.1625,2.4704718433824846,1.0,0.03458407283957944
CartPole-v1,15,raw_ridge,1,0.125,0.11750941949151576,0.125,0.31076398523506743
CartPole-v1,15,raw_ridge,2,0.125,0.11750941949151576,0.125,0.31076398523506743
CartPole-v1,15,raw_ridge,4,0.6625,0.46360528037341414,0.6625,0.31076398523506743
CartPole-v1,15,raw_ridge,8,0.6625,0.46360528037341414,0.6625,0.31076398523506743
CartPole-v1,15,raw_ridge,16,0.6625,0.46360528037341414,0.6625,0.31076398523506743
CartPole-v1,15,raw_ridge,32,0.6625,0.46360528037341414,0.6625,0.31076398523506743
CartPole-v1,15,raw_ridge,64,0.6625,0.46360528037341414,1.0,0.31076398523506743
CartPole-v1,15,lcb_ridge,1,0.125,-0.039171762537252616,0.125,0.24192116307520267
CartPole-v1,15,lcb_ridge,2,0.125,-0.039171762537252616,0.125,0.24192116307520267
CartPole-v1,15,lcb_ridge,4,0.6625,0.2565241117540477,0.6625,0.24192116307520267
CartPole-v1,15,lcb_ridge,8,0.6625,0.2565241117540477,0.6625,0.24192116307520267
CartPole-v1,15,lcb_ridge,16,0.6625,0.2565241117540477,0.6625,0.24192116307520267
CartPole-v1,15,lcb_ridge,32,0.6625,0.2565241117540477,0.6625,0.24192116307520267
CartPole-v1,15,lcb_ridge,64,0.6625,0.2565241117540477,1.0,0.24192116307520267
CartPole-v1,15,anti_ridge,1,0.125,-0.11750941949151576,0.125,-0.31076398523506743
CartPole-v1,15,anti_ridge,2,0.1125,-0.11580740417688015,0.125,-0.31076398523506743
CartPole-v1,15,anti_ridge,4,0.1125,-0.11580740417688015,0.6625,-0.31076398523506743
CartPole-v1,15,anti_ridge,8,0.2625,-0.09763764988428672,0.6625,-0.31076398523506743
CartPole-v1,15,anti_ridge,16,0.2625,-0.09763764988428672,0.6625,-0.31076398523506743
CartPole-v1,15,anti_ridge,32,0.2625,-0.09763764988428672,0.6625,-0.31076398523506743
CartPole-v1,15,anti_ridge,64,0.2625,-0.09763764988428672,1.0,-0.31076398523506743
CartPole-v1,15,oracle,1,0.125,0.125,0.125,0.9999999999999998
CartPole-v1,15,oracle,2,0.125,0.125,0.125,0.9999999999999998
CartPole-v1,15,oracle,4,0.6625,0.6625,0.6625,0.9999999999999998
CartPole-v1,15,oracle,8,0.6625,0.6625,0.6625,0.9999999999999998
CartPole-v1,15,oracle,16,0.6625,0.6625,0.6625,0.9999999999999998
CartPole-v1,15,oracle,32,0.6625,0.6625,0.6625,0.9999999999999998
CartPole-v1,15,oracle,64,1.0,1.0,1.0,0.9999999999999998
CartPole-v1,15,raw_ridge_minus_random,1,0.0,,,
CartPole-v1,15,raw_ridge_minus_random,2,0.0,,,
CartPole-v1,15,raw_ridge_minus_random,4,0.5,,,
CartPole-v1,15,raw_ridge_minus_random,8,0.5,,,
CartPole-v1,15,raw_ridge_minus_random,16,0.5,,,
CartPole-v1,15,raw_ridge_minus_random,32,0.5,,,
CartPole-v1,15,raw_ridge_minus_random,64,0.5,,,
CartPole-v1,15,lcb_ridge_minus_random,1,0.0,,,
CartPole-v1,15,lcb_ridge_minus_random,2,0.0,,,
CartPole-v1,15,lcb_ridge_minus_random,4,0.5,,,
CartPole-v1,15,lcb_ridge_minus_random,8,0.5,,,
CartPole-v1,15,lcb_ridge_minus_random,16,0.5,,,
CartPole-v1,15,lcb_ridge_minus_random,32,0.5,,,
CartPole-v1,15,lcb_ridge_minus_random,64,0.5,,,
CartPole-v1,15,anti_ridge_minus_random,1,0.0,,,
CartPole-v1,15,anti_ridge_minus_random,2,-0.012499999999999997,,,
CartPole-v1,15,anti_ridge_minus_random,4,-0.05,,,
CartPole-v1,15,anti_ridge_minus_random,8,0.1,,,
CartPole-v1,15,anti_ridge_minus_random,16,0.1,,,
CartPole-v1,15,anti_ridge_minus_random,32,0.1,,,
CartPole-v1,15,anti_ridge_minus_random,64,0.1,,,
CartPole-v1,15,oracle_minus_random,1,0.0,,,
CartPole-v1,15,oracle_minus_random,2,0.0,,,
CartPole-v1,15,oracle_minus_random,4,0.5,,,
CartPole-v1,15,oracle_minus_random,8,0.5,,,
CartPole-v1,15,oracle_minus_random,16,0.5,,,
CartPole-v1,15,oracle_minus_random,32,0.5,,,
CartPole-v1,15,oracle_minus_random,64,0.8375,,,
CartPole-v1,16,random,1,0.1125,-0.12124027357496653,0.1125,0.06847157625009606
CartPole-v1,16,random,2,0.1125,-0.12124027357496653,0.1125,0.06847157625009606
CartPole-v1,16,random,4,0.4125,0.1148083935232776,0.4125,0.06847157625009606
CartPole-v1,16,random,8,0.1125,0.947405687498611,0.4125,0.06847157625009606
CartPole-v1,16,random,16,0.1125,0.947405687498611,0.4125,0.06847157625009606
CartPole-v1,16,random,32,0.1125,1.6806814975375397,0.4125,0.06847157625009606
CartPole-v1,16,random,64,0.125,1.7506448819058633,0.5625,0.06847157625009606
CartPole-v1,16,raw_ridge,1,0.1125,0.10203774402055614,0.1125,0.5059057495478465
CartPole-v1,16,raw_ridge,2,0.1125,0.10203774402055614,0.1125,0.5059057495478465
CartPole-v1,16,raw_ridge,4,0.4125,0.4481336049024546,0.4125,0.5059057495478465
CartPole-v1,16,raw_ridge,8,0.4125,0.4481336049024546,0.4125,0.5059057495478465
CartPole-v1,16,raw_ridge,16,0.4125,0.4481336049024546,0.4125,0.5059057495478465
CartPole-v1,16,raw_ridge,32,0.4125,0.4481336049024546,0.4125,0.5059057495478465
CartPole-v1,16,raw_ridge,64,0.4125,0.4481336049024546,0.5625,0.5059057495478465
CartPole-v1,16,lcb_ridge,1,0.1125,-0.0670398963597228,0.1125,0.35739633698951623
CartPole-v1,16,lcb_ridge,2,0.1125,-0.0670398963597228,0.1125,0.35739633698951623
CartPole-v1,16,lcb_ridge,4,0.4125,0.2409027037037697,0.4125,0.35739633698951623
CartPole-v1,16,lcb_ridge,8,0.4125,0.2409027037037697,0.4125,0.35739633698951623
CartPole-v1,16,lcb_ridge,16,0.4125,0.2409027037037697,0.4125,0.35739633698951623
CartPole-v1,16,lcb_ridge,32,0.4125,0.2409027037037697,0.4125,0.35739633698951623
CartPole-v1,16,lcb_ridge,64,0.4125,0.2409027037037697,0.5625,0.35739633698951623
CartPole-v1,16,anti_ridge,1,0.1125,-0.10203774402055614,0.1125,-0.5059057495478465
CartPole-v1,16,anti_ridge,2,0.1125,-0.1003357287059205,0.1125,-0.5059057495478465
CartPole-v1,16,anti_ridge,4,0.1125,-0.1003357287059205,0.4125,-0.5059057495478465
CartPole-v1,16,anti_ridge,8,0.1125,-0.1003357287059205,0.4125,-0.5059057495478465
CartPole-v1,16,anti_ridge,16,0.1125,-0.09791335451643386,0.4125,-0.5059057495478465
CartPole-v1,16,anti_ridge,32,0.1125,-0.09791335451643386,0.4125,-0.5059057495478465
CartPole-v1,16,anti_ridge,64,0.1125,-0.07053747369361718,0.5625,-0.5059057495478465
CartPole-v1,16,oracle,1,0.1125,0.1125,0.1125,1.0
CartPole-v1,16,oracle,2,0.1125,0.1125,0.1125,1.0
CartPole-v1,16,oracle,4,0.4125,0.4125,0.4125,1.0
CartPole-v1,16,oracle,8,0.4125,0.4125,0.4125,1.0
CartPole-v1,16,oracle,16,0.4125,0.4125,0.4125,1.0
CartPole-v1,16,oracle,32,0.4125,0.4125,0.4125,1.0
CartPole-v1,16,oracle,64,0.5625,0.5625,0.5625,1.0
CartPole-v1,16,raw_ridge_minus_random,1,0.0,,,
CartPole-v1,16,raw_ridge_minus_random,2,0.0,,,
CartPole-v1,16,raw_ridge_minus_random,4,0.0,,,
CartPole-v1,16,raw_ridge_minus_random,8,0.3,,,
CartPole-v1,16,raw_ridge_minus_random,16,0.3,,,
CartPole-v1,16,raw_ridge_minus_random,32,0.3,,,
CartPole-v1,16,raw_ridge_minus_random,64,0.2875,,,
CartPole-v1,16,lcb_ridge_minus_random,1,0.0,,,
CartPole-v1,16,lcb_ridge_minus_random,2,0.0,,,
CartPole-v1,16,lcb_ridge_minus_random,4,0.0,,,
CartPole-v1,16,lcb_ridge_minus_random,8,0.3,,,
CartPole-v1,16,lcb_ridge_minus_random,16,0.3,,,
CartPole-v1,16,lcb_ridge_minus_random,32,0.3,,,
CartPole-v1,16,lcb_ridge_minus_random,64,0.2875,,,
CartPole-v1,16,anti_ridge_minus_random,1,0.0,,,
CartPole-v1,16,anti_ridge_minus_random,2,0.0,,,
CartPole-v1,16,anti_ridge_minus_random,4,-0.3,,,
CartPole-v1,16,anti_ridge_minus_random,8,0.0,,,
CartPole-v1,16,anti_ridge_minus_random,16,0.0,,,
CartPole-v1,16,anti_ridge_minus_random,32,0.0,,,
CartPole-v1,16,anti_ridge_minus_random,64,-0.012499999999999997,,,
CartPole-v1,16,oracle_minus_random,1,0.0,,,
CartPole-v1,16,oracle_minus_random,2,0.0,,,
CartPole-v1,16,oracle_minus_random,4,0.0,,,
CartPole-v1,16,oracle_minus_random,8,0.3,,,
CartPole-v1,16,oracle_minus_random,16,0.3,,,
CartPole-v1,16,oracle_minus_random,32,0.3,,,
CartPole-v1,16,oracle_minus_random,64,0.4375,,,
CartPole-v1,17,random,1,0.1125,0.5058687001327412,0.1125,-0.12869149864512566
CartPole-v1,17,random,2,0.1125,0.5058687001327412,0.125,-0.12869149864512566
CartPole-v1,17,random,4,0.1125,1.904930029791177,0.4,-0.12869149864512566
CartPole-v1,17,random,8,0.1125,1.904930029791177,0.4,-0.12869149864512566
CartPole-v1,17,random,16,0.1125,1.904930029791177,0.4,-0.12869149864512566
CartPole-v1,17,random,32,0.1125,1.904930029791177,0.4,-0.12869149864512566
CartPole-v1,17,random,64,0.1125,1.904930029791177,0.4,-0.12869149864512566
CartPole-v1,17,raw_ridge,1,0.1125,0.1277937852004327,0.1125,0.3559515505409655
CartPole-v1,17,raw_ridge,2,0.1125,0.1277937852004327,0.125,0.3559515505409655
CartPole-v1,17,raw_ridge,4,0.4,0.47388964608233103,0.4,0.3559515505409655
CartPole-v1,17,raw_ridge,8,0.4,0.47388964608233103,0.4,0.3559515505409655
CartPole-v1,17,raw_ridge,16,0.4,0.47388964608233103,0.4,0.3559515505409655
CartPole-v1,17,raw_ridge,32,0.4,0.47388964608233103,0.4,0.3559515505409655
CartPole-v1,17,raw_ridge,64,0.4,0.47388964608233103,0.4,0.3559515505409655
CartPole-v1,17,lcb_ridge,1,0.1125,-0.035232006410741826,0.1125,0.22758213971186553
CartPole-v1,17,lcb_ridge,2,0.1125,-0.035232006410741826,0.125,0.22758213971186553
CartPole-v1,17,lcb_ridge,4,0.4,0.2604216110008108,0.4,0.22758213971186553
CartPole-v1,17,lcb_ridge,8,0.4,0.2604216110008108,0.4,0.22758213971186553
CartPole-v1,17,lcb_ridge,16,0.4,0.2604216110008108,0.4,0.22758213971186553
CartPole-v1,17,lcb_ridge,32,0.4,0.2604216110008108,0.4,0.22758213971186553
CartPole-v1,17,lcb_ridge,64,0.4,0.2604216110008108,0.4,0.22758213971186553
CartPole-v1,17,anti_ridge,1,0.1125,-0.1277937852004327,0.1125,-0.3559515505409655
CartPole-v1,17,anti_ridge,2,0.125,-0.12609176988579707,0.125,-0.3559515505409655
CartPole-v1,17,anti_ridge,4,0.125,-0.12609176988579707,0.4,-0.3559515505409655
CartPole-v1,17,anti_ridge,8,0.125,-0.12609176988579707,0.4,-0.3559515505409655
CartPole-v1,17,anti_ridge,16,0.125,-0.12609176988579707,0.4,-0.3559515505409655
CartPole-v1,17,anti_ridge,32,0.125,-0.12609176988579707,0.4,-0.3559515505409655
CartPole-v1,17,anti_ridge,64,0.1125,-0.12399254643650243,0.4,-0.3559515505409655
CartPole-v1,17,oracle,1,0.1125,0.1125,0.1125,1.0
CartPole-v1,17,oracle,2,0.125,0.125,0.125,1.0
CartPole-v1,17,oracle,4,0.4,0.4,0.4,1.0
CartPole-v1,17,oracle,8,0.4,0.4,0.4,1.0
CartPole-v1,17,oracle,16,0.4,0.4,0.4,1.0
CartPole-v1,17,oracle,32,0.4,0.4,0.4,1.0
CartPole-v1,17,oracle,64,0.4,0.4,0.4,1.0
CartPole-v1,17,raw_ridge_minus_random,1,0.0,,,
CartPole-v1,17,raw_ridge_minus_random,2,0.0,,,
CartPole-v1,17,raw_ridge_minus_random,4,0.28750000000000003,,,
CartPole-v1,17,raw_ridge_minus_random,8,0.28750000000000003,,,
CartPole-v1,17,raw_ridge_minus_random,16,0.28750000000000003,,,
CartPole-v1,17,raw_ridge_minus_random,32,0.28750000000000003,,,
CartPole-v1,17,raw_ridge_minus_random,64,0.28750000000000003,,,
CartPole-v1,17,lcb_ridge_minus_random,1,0.0,,,
CartPole-v1,17,lcb_ridge_minus_random,2,0.0,,,
CartPole-v1,17,lcb_ridge_minus_random,4,0.28750000000000003,,,
CartPole-v1,17,lcb_ridge_minus_random,8,0.28750000000000003,,,
CartPole-v1,17,lcb_ridge_minus_random,16,0.28750000000000003,,,
CartPole-v1,17,lcb_ridge_minus_random,32,0.28750000000000003,,,
CartPole-v1,17,lcb_ridge_minus_random,64,0.28750000000000003,,,
CartPole-v1,17,anti_ridge_minus_random,1,0.0,,,
CartPole-v1,17,anti_ridge_minus_random,2,0.012499999999999997,,,
CartPole-v1,17,anti_ridge_minus_random,4,0.012499999999999997,,,
CartPole-v1,17,anti_ridge_minus_random,8,0.012499999999999997,,,
CartPole-v1,17,anti_ridge_minus_random,16,0.012499999999999997,,,
CartPole-v1,17,anti_ridge_minus_random,32,0.012499999999999997,,,
CartPole-v1,17,anti_ridge_minus_random,64,0.0,,,
CartPole-v1,17,oracle_minus_random,1,0.0,,,
CartPole-v1,17,oracle_minus_random,2,0.012499999999999997,,,
CartPole-v1,17,oracle_minus_random,4,0.28750000000000003,,,
CartPole-v1,17,oracle_minus_random,8,0.28750000000000003,,,
CartPole-v1,17,oracle_minus_random,16,0.28750000000000003,,,
CartPole-v1,17,oracle_minus_random,32,0.28750000000000003,,,
CartPole-v1,17,oracle_minus_random,64,0.28750000000000003,,,
Pendulum-v1,12,random,1,-0.8824520318136981,1.4632881706366243,-0.8824520318136981,0.06492673992673992
Pendulum-v1,12,random,2,-0.8824520318136981,1.4632881706366243,-0.8063059925698718,0.06492673992673992
Pendulum-v1,12,random,4,-0.8824520318136981,1.4632881706366243,-0.7732545530472754,0.06492673992673992
Pendulum-v1,12,random,8,-0.8824520318136981,1.4632881706366243,-0.7401056842395611,0.06492673992673992
Pendulum-v1,12,random,16,-0.8824520318136981,1.4632881706366243,-0.7191996186851244,0.06492673992673992
Pendulum-v1,12,random,32,-0.7850661050259781,2.0399085136647406,-0.6900677344935947,0.06492673992673992
Pendulum-v1,12,random,64,-0.7850661050259781,2.0399085136647406,-0.6815638782708379,0.06492673992673992
Pendulum-v1,12,raw_ridge,1,-0.8824520318136981,-0.8900446944262208,-0.8824520318136981,-0.5123168498168497
Pendulum-v1,12,raw_ridge,2,-0.8063059925698718,-0.8366683339609197,-0.8063059925698718,-0.5123168498168497
Pendulum-v1,12,raw_ridge,4,-0.8063059925698718,-0.8366683339609197,-0.7732545530472754,-0.5123168498168497
Pendulum-v1,12,raw_ridge,8,-0.7863954418647087,-0.8229863026307753,-0.7401056842395611,-0.5123168498168497
Pendulum-v1,12,raw_ridge,16,-0.88027419129588,-0.7969703641567842,-0.7191996186851244,-0.5123168498168497
Pendulum-v1,12,raw_ridge,32,-0.7960057369323879,-0.7908132016126547,-0.6900677344935947,-0.5123168498168497
Pendulum-v1,12,raw_ridge,64,-0.8277870633005147,-0.7860618499741021,-0.6815638782708379,-0.5123168498168497
Pendulum-v1,12,lcb_ridge,1,-0.8824520318136981,-1.4664226126900863,-0.8824520318136981,-0.45421245421245415
Pendulum-v1,12,lcb_ridge,2,-0.8063059925698718,-1.2403833881773654,-0.8063059925698718,-0.45421245421245415
Pendulum-v1,12,lcb_ridge,4,-0.8063059925698718,-1.2403833881773654,-0.7732545530472754,-0.45421245421245415
Pendulum-v1,12,lcb_ridge,8,-0.7863954418647087,-1.2140543019970305,-0.7401056842395611,-0.45421245421245415
Pendulum-v1,12,lcb_ridge,16,-0.7997336013848744,-1.1887741582317752,-0.7191996186851244,-0.45421245421245415
Pendulum-v1,12,lcb_ridge,32,-0.7997336013848744,-1.1887741582317752,-0.6900677344935947,-0.45421245421245415
Pendulum-v1,12,lcb_ridge,64,-0.8277870633005147,-1.1871148786666574,-0.6815638782708379,-0.45421245421245415
Pendulum-v1,12,anti_ridge,1,-0.8824520318136981,0.8900446944262208,-0.8824520318136981,0.5123168498168497
Pendulum-v1,12,anti_ridge,2,-0.8824520318136981,0.8900446944262208,-0.8063059925698718,0.5123168498168497
Pendulum-v1,12,anti_ridge,4,-0.8866170078001286,0.9504378870718939,-0.7732545530472754,0.5123168498168497
Pendulum-v1,12,anti_ridge,8,-0.8866170078001286,0.9504378870718939,-0.7401056842395611,0.5123168498168497
Pendulum-v1,12,anti_ridge,16,-0.8866170078001286,0.9504378870718939,-0.7191996186851244,0.5123168498168497
Pendulum-v1,12,anti_ridge,32,-0.8958204993351337,0.9608631996841479,-0.6900677344935947,0.5123168498168497
Pendulum-v1,12,anti_ridge,64,-0.7980294399526233,1.0035637267292794,-0.6815638782708379,0.5123168498168497
Pendulum-v1,12,oracle,1,-0.8824520318136981,-0.8824520318136981,-0.8824520318136981,0.9999999999999998
Pendulum-v1,12,oracle,2,-0.8063059925698718,-0.8063059925698718,-0.8063059925698718,0.9999999999999998
Pendulum-v1,12,oracle,4,-0.7732545530472754,-0.7732545530472754,-0.7732545530472754,0.9999999999999998
Pendulum-v1,12,oracle,8,-0.7401056842395611,-0.7401056842395611,-0.7401056842395611,0.9999999999999998
Pendulum-v1,12,oracle,16,-0.7191996186851244,-0.7191996186851244,-0.7191996186851244,0.9999999999999998
Pendulum-v1,12,oracle,32,-0.6900677344935947,-0.6900677344935947,-0.6900677344935947,0.9999999999999998
Pendulum-v1,12,oracle,64,-0.6815638782708379,-0.6815638782708379,-0.6815638782708379,0.9999999999999998
Pendulum-v1,12,raw_ridge_minus_random,1,0.0,,,
Pendulum-v1,12,raw_ridge_minus_random,2,0.07614603924382635,,,
Pendulum-v1,12,raw_ridge_minus_random,4,0.07614603924382635,,,
Pendulum-v1,12,raw_ridge_minus_random,8,0.09605658994898947,,,
Pendulum-v1,12,raw_ridge_minus_random,16,0.002177840517818108,,,
Pendulum-v1,12,raw_ridge_minus_random,32,-0.010939631906409786,,,
Pendulum-v1,12,raw_ridge_minus_random,64,-0.04272095827453659,,,
Pendulum-v1,12,lcb_ridge_minus_random,1,0.0,,,
Pendulum-v1,12,lcb_ridge_minus_random,2,0.07614603924382635,,,
Pendulum-v1,12,lcb_ridge_minus_random,4,0.07614603924382635,,,
Pendulum-v1,12,lcb_ridge_minus_random,8,0.09605658994898947,,,
Pendulum-v1,12,lcb_ridge_minus_random,16,0.08271843042882376,,,
Pendulum-v1,12,lcb_ridge_minus_random,32,-0.014667496358896304,,,
Pendulum-v1,12,lcb_ridge_minus_random,64,-0.04272095827453659,,,
Pendulum-v1,12,anti_ridge_minus_random,1,0.0,,,
Pendulum-v1,12,anti_ridge_minus_random,2,0.0,,,
Pendulum-v1,12,anti_ridge_minus_random,4,-0.004164975986430508,,,
Pendulum-v1,12,anti_ridge_minus_random,8,-0.004164975986430508,,,
Pendulum-v1,12,anti_ridge_minus_random,16,-0.004164975986430508,,,
Pendulum-v1,12,anti_ridge_minus_random,32,-0.11075439430915568,,,
Pendulum-v1,12,anti_ridge_minus_random,64,-0.012963334926645254,,,
Pendulum-v1,12,oracle_minus_random,1,0.0,,,
Pendulum-v1,12,oracle_minus_random,2,0.07614603924382635,,,
Pendulum-v1,12,oracle_minus_random,4,0.10919747876642272,,,
Pendulum-v1,12,oracle_minus_random,8,0.142346347574137,,,
Pendulum-v1,12,oracle_minus_random,16,0.16325241312857375,,,
Pendulum-v1,12,oracle_minus_random,32,0.09499837053238336,,,
Pendulum-v1,12,oracle_minus_random,64,0.1035022267551402,,,
Pendulum-v1,13,random,1,-0.9280935330099944,-0.7130050461575909,-0.9280935330099944,-0.07486263736263736
Pendulum-v1,13,random,2,-0.9280935330099944,-0.7130050461575909,-0.7870546357258972,-0.07486263736263736
Pendulum-v1,13,random,4,-0.8601208761113401,0.2846050899530414,-0.7870546357258972,-0.07486263736263736
Pendulum-v1,13,random,8,-0.8265145181239365,1.0617471620042866,-0.7870546357258972,-0.07486263736263736
Pendulum-v1,13,random,16,-0.8265145181239365,1.0617471620042866,-0.6924245996771325,-0.07486263736263736
Pendulum-v1,13,random,32,-0.8135339146282471,1.3633220912168693,-0.6924245996771325,-0.07486263736263736
Pendulum-v1,13,random,64,-0.8010494334713475,1.569232391899848,-0.6609759471731361,-0.07486263736263736
Pendulum-v1,13,raw_ridge,1,-0.9280935330099944,-0.8392862928709385,-0.9280935330099944,0.47042124542124536
Pendulum-v1,13,raw_ridge,2,-0.7870546357258972,-0.7859099324056373,-0.7870546357258972,0.47042124542124536
Pendulum-v1,13,raw_ridge,4,-0.8601208761113401,-0.777654603198798,-0.7870546357258972,0.47042124542124536
Pendulum-v1,13,raw_ridge,8,-0.8601208761113401,-0.777654603198798,-0.7870546357258972,0.47042124542124536
Pendulum-v1,13,raw_ridge,16,-0.7204995174908858,-0.718507861654802,-0.6924245996771325,0.47042124542124536
Pendulum-v1,13,raw_ridge,32,-0.7204995174908858,-0.718507861654802,-0.6924245996771325,0.47042124542124536
Pendulum-v1,13,raw_ridge,64,-0.7204995174908858,-0.718507861654802,-0.6609759471731361,0.47042124542124536
Pendulum-v1,13,lcb_ridge,1,-0.9280935330099944,-1.4295907811181194,-0.9280935330099944,0.46217948717948704
Pendulum-v1,13,lcb_ridge,2,-0.7870546357258972,-1.2015593215921974,-0.7870546357258972,0.46217948717948704
Pendulum-v1,13,lcb_ridge,4,-0.8601208761113401,-1.1808407740602316,-0.7870546357258972,0.46217948717948704
Pendulum-v1,13,lcb_ridge,8,-0.8601208761113401,-1.1808407740602316,-0.7870546357258972,0.46217948717948704
Pendulum-v1,13,lcb_ridge,16,-0.7204995174908858,-1.121146497681876,-0.6924245996771325,0.46217948717948704
Pendulum-v1,13,lcb_ridge,32,-0.7204995174908858,-1.121146497681876,-0.6924245996771325,0.46217948717948704
Pendulum-v1,13,lcb_ridge,64,-0.7204995174908858,-1.121146497681876,-0.6609759471731361,0.46217948717948704
Pendulum-v1,13,anti_ridge,1,-0.9280935330099944,0.8392862928709385,-0.9280935330099944,-0.47042124542124536
Pendulum-v1,13,anti_ridge,2,-0.9280935330099944,0.8392862928709385,-0.7870546357258972,-0.47042124542124536
Pendulum-v1,13,anti_ridge,4,-0.8719069315109935,0.8996794855166114,-0.7870546357258972,-0.47042124542124536
Pendulum-v1,13,anti_ridge,8,-0.8719069315109935,0.8996794855166114,-0.7870546357258972,-0.47042124542124536
Pendulum-v1,13,anti_ridge,16,-0.8719069315109935,0.8996794855166114,-0.6924245996771325,-0.47042124542124536
Pendulum-v1,13,anti_ridge,32,-0.8719069315109935,0.8996794855166114,-0.6924245996771325,-0.47042124542124536
Pendulum-v1,13,anti_ridge,64,-0.8719069315109935,0.8996794855166114,-0.6609759471731361,-0.47042124542124536
Pendulum-v1,13,oracle,1,-0.9280935330099944,-0.9280935330099944,-0.9280935330099944,0.9999999999999998
Pendulum-v1,13,oracle,2,-0.7870546357258972,-0.7870546357258972,-0.7870546357258972,0.9999999999999998
Pendulum-v1,13,oracle,4,-0.7870546357258972,-0.7870546357258972,-0.7870546357258972,0.9999999999999998
Pendulum-v1,13,oracle,8,-0.7870546357258972,-0.7870546357258972,-0.7870546357258972,0.9999999999999998
Pendulum-v1,13,oracle,16,-0.6924245996771325,-0.6924245996771325,-0.6924245996771325,0.9999999999999998
Pendulum-v1,13,oracle,32,-0.6924245996771325,-0.6924245996771325,-0.6924245996771325,0.9999999999999998
Pendulum-v1,13,oracle,64,-0.6609759471731361,-0.6609759471731361,-0.6609759471731361,0.9999999999999998
Pendulum-v1,13,raw_ridge_minus_random,1,0.0,,,
Pendulum-v1,13,raw_ridge_minus_random,2,0.14103889728409724,,,
Pendulum-v1,13,raw_ridge_minus_random,4,0.0,,,
Pendulum-v1,13,raw_ridge_minus_random,8,-0.033606357987403634,,,
Pendulum-v1,13,raw_ridge_minus_random,16,0.1060150006330507,,,
Pendulum-v1,13,raw_ridge_minus_random,32,0.09303439713736128,,,
Pendulum-v1,13,raw_ridge_minus_random,64,0.08054991598046168,,,
Pendulum-v1,13,lcb_ridge_minus_random,1,0.0,,,
Pendulum-v1,13,lcb_ridge_minus_random,2,0.14103889728409724,,,
Pendulum-v1,13,lcb_ridge_minus_random,4,0.0,,,
Pendulum-v1,13,lcb_ridge_minus_random,8,-0.033606357987403634,,,
Pendulum-v1,13,lcb_ridge_minus_random,16,0.1060150006330507,,,
Pendulum-v1,13,lcb_ridge_minus_random,32,0.09303439713736128,,,
Pendulum-v1,13,lcb_ridge_minus_random,64,0.08054991598046168,,,
Pendulum-v1,13,anti_ridge_minus_random,1,0.0,,,
Pendulum-v1,13,anti_ridge_minus_random,2,0.0,,,
Pendulum-v1,13,anti_ridge_minus_random,4,-0.011786055399653383,,,
Pendulum-v1,13,anti_ridge_minus_random,8,-0.04539241338705702,,,
Pendulum-v1,13,anti_ridge_minus_random,16,-0.04539241338705702,,,
Pendulum-v1,13,anti_ridge_minus_random,32,-0.05837301688274643,,,
Pendulum-v1,13,anti_ridge_minus_random,64,-0.07085749803964603,,,
Pendulum-v1,13,oracle_minus_random,1,0.0,,,
Pendulum-v1,13,oracle_minus_random,2,0.14103889728409724,,,
Pendulum-v1,13,oracle_minus_random,4,0.07306624038544296,,,
Pendulum-v1,13,oracle_minus_random,8,0.039459882398039325,,,
Pendulum-v1,13,oracle_minus_random,16,0.13408991844680396,,,
Pendulum-v1,13,oracle_minus_random,32,0.12110931495111454,,,
Pendulum-v1,13,oracle_minus_random,64,0.14007348629821137,,,
Pendulum-v1,14,random,1,-0.8889489805476087,-0.36514516974997396,-0.8889489805476087,0.006318681318681318
Pendulum-v1,14,random,2,-0.2461502935222507,0.8356841031127559,-0.2461502935222507,0.006318681318681318
Pendulum-v1,14,random,4,-0.2461502935222507,0.8356841031127559,-0.2461502935222507,0.006318681318681318
Pendulum-v1,14,random,8,-0.2461502935222507,0.8356841031127559,-0.2461502935222507,0.006318681318681318
Pendulum-v1,14,random,16,-0.5798883484472882,1.3485531364542698,-0.2461502935222507,0.006318681318681318
Pendulum-v1,14,random,32,-0.6113196613725163,1.6867581935548683,-0.2461502935222507,0.006318681318681318
Pendulum-v1,14,random,64,-0.4800889390984154,2.6203946833402463,-0.2461502935222507,0.006318681318681318
Pendulum-v1,14,raw_ridge,1,-0.8889489805476087,-0.794255903403092,-0.8889489805476087,0.49084249084249076
Pendulum-v1,14,raw_ridge,2,-0.2461502935222507,-0.7408795429377908,-0.2461502935222507,0.49084249084249076
Pendulum-v1,14,raw_ridge,4,-0.2461502935222507,-0.7408795429377908,-0.2461502935222507,0.49084249084249076
Pendulum-v1,14,raw_ridge,8,-0.2461502935222507,-0.7408795429377908,-0.2461502935222507,0.49084249084249076
Pendulum-v1,14,raw_ridge,16,-0.5798883484472882,-0.7353306015086492,-0.2461502935222507,0.49084249084249076
Pendulum-v1,14,raw_ridge,32,-0.5233298257909993,-0.7049793884340839,-0.2461502935222507,0.49084249084249076
Pendulum-v1,14,raw_ridge,64,-0.4437379545864843,-0.69611376780114,-0.2461502935222507,0.49084249084249076
Pendulum-v1,14,lcb_ridge,1,-0.8889489805476087,-1.382396889306352,-0.8889489805476087,0.7150641025641026
Pendulum-v1,14,lcb_ridge,2,-0.2461502935222507,-1.1506045505591724,-0.2461502935222507,0.7150641025641026
Pendulum-v1,14,lcb_ridge,4,-0.2461502935222507,-1.1506045505591724,-0.2461502935222507,0.7150641025641026
Pendulum-v1,14,lcb_ridge,8,-0.6464716958262451,-1.1431042645480334,-0.2461502935222507,0.7150641025641026
Pendulum-v1,14,lcb_ridge,16,-0.5068351044814432,-1.1262016030640682,-0.2461502935222507,0.7150641025641026
Pendulum-v1,14,lcb_ridge,32,-0.5233298257909993,-1.0772545533420679,-0.2461502935222507,0.7150641025641026
Pendulum-v1,14,lcb_ridge,64,-0.5233298257909993,-1.0772545533420679,-0.2461502935222507,0.7150641025641026
Pendulum-v1,14,anti_ridge,1,-0.8889489805476087,0.794255903403092,-0.8889489805476087,-0.49084249084249076
Pendulum-v1,14,anti_ridge,2,-0.8889489805476087,0.794255903403092,-0.2461502935222507,-0.49084249084249076
Pendulum-v1,14,anti_ridge,4,-0.8896523890851549,0.8546490960487652,-0.2461502935222507,-0.49084249084249076
Pendulum-v1,14,anti_ridge,8,-0.8896523890851549,0.8546490960487652,-0.2461502935222507,-0.49084249084249076
Pendulum-v1,14,anti_ridge,16,-0.8896523890851549,0.8546490960487652,-0.2461502935222507,-0.49084249084249076
Pendulum-v1,14,anti_ridge,32,-0.793996635479805,0.9021748253259056,-0.2461502935222507,-0.49084249084249076
Pendulum-v1,14,anti_ridge,64,-0.793996635479805,0.9021748253259056,-0.2461502935222507,-0.49084249084249076
Pendulum-v1,14,oracle,1,-0.8889489805476087,-0.8889489805476087,-0.8889489805476087,0.9999999999999998
Pendulum-v1,14,oracle,2,-0.2461502935222507,-0.2461502935222507,-0.2461502935222507,0.9999999999999998
Pendulum-v1,14,oracle,4,-0.2461502935222507,-0.2461502935222507,-0.2461502935222507,0.9999999999999998
Pendulum-v1,14,oracle,8,-0.2461502935222507,-0.2461502935222507,-0.2461502935222507,0.9999999999999998
Pendulum-v1,14,oracle,16,-0.2461502935222507,-0.2461502935222507,-0.2461502935222507,0.9999999999999998
Pendulum-v1,14,oracle,32,-0.2461502935222507,-0.2461502935222507,-0.2461502935222507,0.9999999999999998
Pendulum-v1,14,oracle,64,-0.2461502935222507,-0.2461502935222507,-0.2461502935222507,0.9999999999999998
Pendulum-v1,14,raw_ridge_minus_random,1,0.0,,,
Pendulum-v1,14,raw_ridge_minus_random,2,0.0,,,
Pendulum-v1,14,raw_ridge_minus_random,4,0.0,,,
Pendulum-v1,14,raw_ridge_minus_random,8,0.0,,,
Pendulum-v1,14,raw_ridge_minus_random,16,0.0,,,
Pendulum-v1,14,raw_ridge_minus_random,32,0.08798983558151696,,,
Pendulum-v1,14,raw_ridge_minus_random,64,0.036350984511931084,,,
Pendulum-v1,14,lcb_ridge_minus_random,1,0.0,,,
Pendulum-v1,14,lcb_ridge_minus_random,2,0.0,,,
Pendulum-v1,14,lcb_ridge_minus_random,4,0.0,,,
Pendulum-v1,14,lcb_ridge_minus_random,8,-0.4003214023039944,,,
Pendulum-v1,14,lcb_ridge_minus_random,16,0.073053243965845,,,
Pendulum-v1,14,lcb_ridge_minus_random,32,0.08798983558151696,,,
Pendulum-v1,14,lcb_ridge_minus_random,64,-0.04324088669258391,,,
Pendulum-v1,14,anti_ridge_minus_random,1,0.0,,,
Pendulum-v1,14,anti_ridge_minus_random,2,-0.642798687025358,,,
Pendulum-v1,14,anti_ridge_minus_random,4,-0.6435020955629042,,,
Pendulum-v1,14,anti_ridge_minus_random,8,-0.6435020955629042,,,
Pendulum-v1,14,anti_ridge_minus_random,16,-0.30976404063786667,,,
Pendulum-v1,14,anti_ridge_minus_random,32,-0.18267697410728878,,,
Pendulum-v1,14,anti_ridge_minus_random,64,-0.31390769638138966,,,
Pendulum-v1,14,oracle_minus_random,1,0.0,,,
Pendulum-v1,14,oracle_minus_random,2,0.0,,,
Pendulum-v1,14,oracle_minus_random,4,0.0,,,
Pendulum-v1,14,oracle_minus_random,8,0.0,,,
Pendulum-v1,14,oracle_minus_random,16,0.3337380549250375,,,
Pendulum-v1,14,oracle_minus_random,32,0.36516936785026555,,,
Pendulum-v1,14,oracle_minus_random,64,0.23393864557616467,,,
Pendulum-v1,15,random,1,-0.8825965826764087,0.03811106923995722,-0.8825965826764087,0.028708791208791207
Pendulum-v1,15,random,2,-0.8825965826764087,0.03811106923995722,-0.8825965826764087,0.028708791208791207
Pendulum-v1,15,random,4,-1.1435484772491373,2.4704718433824846,-0.8825965826764087,0.028708791208791207
Pendulum-v1,15,random,8,-1.1435484772491373,2.4704718433824846,-0.8825965826764087,0.028708791208791207
Pendulum-v1,15,random,16,-1.1435484772491373,2.4704718433824846,-0.8825965826764087,0.028708791208791207
Pendulum-v1,15,random,32,-1.1435484772491373,2.4704718433824846,-0.8825965826764087,0.028708791208791207
Pendulum-v1,15,random,64,-1.1435484772491373,2.4704718433824846,-0.8825965826764087,0.028708791208791207
Pendulum-v1,15,raw_ridge,1,-0.8825965826764087,-0.9339950311462449,-0.8825965826764087,-0.19931318681318677
Pendulum-v1,15,raw_ridge,2,-1.1331631089140768,-0.8806186706809437,-0.8825965826764087,-0.19931318681318677
Pendulum-v1,15,raw_ridge,4,-1.1331631089140768,-0.8806186706809437,-0.8825965826764087,-0.19931318681318677
Pendulum-v1,15,raw_ridge,8,-1.1331631089140768,-0.8806186706809437,-0.8825965826764087,-0.19931318681318677
Pendulum-v1,15,raw_ridge,16,-1.1152531049134347,-0.8106802916952158,-0.8825965826764087,-0.19931318681318677
Pendulum-v1,15,raw_ridge,32,-1.1152531049134347,-0.8106802916952158,-0.8825965826764087,-0.19931318681318677
Pendulum-v1,15,raw_ridge,64,-1.1152531049134347,-0.8106802916952158,-0.8825965826764087,-0.19931318681318677
Pendulum-v1,15,lcb_ridge,1,-0.8825965826764087,-1.5284776255544235,-0.8825965826764087,-0.3391483516483516
Pendulum-v1,15,lcb_ridge,2,-1.1331631089140768,-1.3045419568305325,-0.8825965826764087,-0.3391483516483516
Pendulum-v1,15,lcb_ridge,4,-1.1331631089140768,-1.3045419568305325,-0.8825965826764087,-0.3391483516483516
Pendulum-v1,15,lcb_ridge,8,-1.1331631089140768,-1.3045419568305325,-0.8825965826764087,-0.3391483516483516
Pendulum-v1,15,lcb_ridge,16,-1.1152531049134347,-1.241791371064473,-0.8825965826764087,-0.3391483516483516
Pendulum-v1,15,lcb_ridge,32,-1.1152531049134347,-1.241791371064473,-0.8825965826764087,-0.3391483516483516
Pendulum-v1,15,lcb_ridge,64,-1.1152531049134347,-1.241791371064473,-0.8825965826764087,-0.3391483516483516
Pendulum-v1,15,anti_ridge,1,-0.8825965826764087,0.9339950311462449,-0.8825965826764087,0.19931318681318677
Pendulum-v1,15,anti_ridge,2,-0.8825965826764087,0.9339950311462449,-0.8825965826764087,0.19931318681318677
Pendulum-v1,15,anti_ridge,4,-0.929256508580009,0.994388223791918,-0.8825965826764087,0.19931318681318677
Pendulum-v1,15,anti_ridge,8,-1.1301232618261523,1.0088605419360293,-0.8825965826764087,0.19931318681318677
Pendulum-v1,15,anti_ridge,16,-1.1301232618261523,1.0088605419360293,-0.8825965826764087,0.19931318681318677
Pendulum-v1,15,anti_ridge,32,-1.1301232618261523,1.0088605419360293,-0.8825965826764087,0.19931318681318677
Pendulum-v1,15,anti_ridge,64,-1.0127535738692695,1.061707544782369,-0.8825965826764087,0.19931318681318677
Pendulum-v1,15,oracle,1,-0.8825965826764087,-0.8825965826764087,-0.8825965826764087,0.9999999999999998
Pendulum-v1,15,oracle,2,-0.8825965826764087,-0.8825965826764087,-0.8825965826764087,0.9999999999999998
Pendulum-v1,15,oracle,4,-0.8825965826764087,-0.8825965826764087,-0.8825965826764087,0.9999999999999998
Pendulum-v1,15,oracle,8,-0.8825965826764087,-0.8825965826764087,-0.8825965826764087,0.9999999999999998
Pendulum-v1,15,oracle,16,-0.8825965826764087,-0.8825965826764087,-0.8825965826764087,0.9999999999999998
Pendulum-v1,15,oracle,32,-0.8825965826764087,-0.8825965826764087,-0.8825965826764087,0.9999999999999998
Pendulum-v1,15,oracle,64,-0.8825965826764087,-0.8825965826764087,-0.8825965826764087,0.9999999999999998
Pendulum-v1,15,raw_ridge_minus_random,1,0.0,,,
Pendulum-v1,15,raw_ridge_minus_random,2,-0.25056652623766806,,,
Pendulum-v1,15,raw_ridge_minus_random,4,0.01038536833506054,,,
Pendulum-v1,15,raw_ridge_minus_random,8,0.01038536833506054,,,
Pendulum-v1,15,raw_ridge_minus_random,16,0.028295372335702673,,,
Pendulum-v1,15,raw_ridge_minus_random,32,0.028295372335702673,,,
Pendulum-v1,15,raw_ridge_minus_random,64,0.028295372335702673,,,
Pendulum-v1,15,lcb_ridge_minus_random,1,0.0,,,
Pendulum-v1,15,lcb_ridge_minus_random,2,-0.25056652623766806,,,
Pendulum-v1,15,lcb_ridge_minus_random,4,0.01038536833506054,,,
Pendulum-v1,15,lcb_ridge_minus_random,8,0.01038536833506054,,,
Pendulum-v1,15,lcb_ridge_minus_random,16,0.028295372335702673,,,
Pendulum-v1,15,lcb_ridge_minus_random,32,0.028295372335702673,,,
Pendulum-v1,15,lcb_ridge_minus_random,64,0.028295372335702673,,,
Pendulum-v1,15,anti_ridge_minus_random,1,0.0,,,
Pendulum-v1,15,anti_ridge_minus_random,2,0.0,,,
Pendulum-v1,15,anti_ridge_minus_random,4,0.21429196866912836,,,
Pendulum-v1,15,anti_ridge_minus_random,8,0.013425215422985026,,,
Pendulum-v1,15,anti_ridge_minus_random,16,0.013425215422985026,,,
Pendulum-v1,15,anti_ridge_minus_random,32,0.013425215422985026,,,
Pendulum-v1,15,anti_ridge_minus_random,64,0.13079490337986788,,,
Pendulum-v1,15,oracle_minus_random,1,0.0,,,
Pendulum-v1,15,oracle_minus_random,2,0.0,,,
Pendulum-v1,15,oracle_minus_random,4,0.2609518945727286,,,
Pendulum-v1,15,oracle_minus_random,8,0.2609518945727286,,,
Pendulum-v1,15,oracle_minus_random,16,0.2609518945727286,,,
Pendulum-v1,15,oracle_minus_random,32,0.2609518945727286,,,
Pendulum-v1,15,oracle_minus_random,64,0.2609518945727286,,,
Pendulum-v1,16,random,1,-0.7325620416450068,-0.12124027357496653,-0.7325620416450068,-0.17417582417582417
Pendulum-v1,16,random,2,-0.7325620416450068,-0.12124027357496653,-0.7325620416450068,-0.17417582417582417
Pendulum-v1,16,random,4,-0.9448672243712051,0.1148083935232776,-0.7325620416450068,-0.17417582417582417
Pendulum-v1,16,random,8,-0.9194315738526447,0.947405687498611,-0.7325620416450068,-0.17417582417582417
Pendulum-v1,16,random,16,-0.9194315738526447,0.947405687498611,-0.7242620464783808,-0.17417582417582417
Pendulum-v1,16,random,32,-1.00276243726118,1.6806814975375397,-0.7242620464783808,-0.17417582417582417
Pendulum-v1,16,random,64,-1.0182086106606758,1.7506448819058633,-0.7242620464783808,-0.17417582417582417
Pendulum-v1,16,raw_ridge,1,-0.7325620416450068,-0.9140818928111043,-0.7325620416450068,0.2202838827838828
Pendulum-v1,16,raw_ridge,2,-0.9845360495901102,-0.860705532345803,-0.7325620416450068,0.2202838827838828
Pendulum-v1,16,raw_ridge,4,-0.9637376138803951,-0.848741210140195,-0.7325620416450068,0.2202838827838828
Pendulum-v1,16,raw_ridge,8,-0.9454754942381938,-0.7681019234147635,-0.7325620416450068,0.2202838827838828
Pendulum-v1,16,raw_ridge,16,-0.9454754942381938,-0.7681019234147635,-0.7242620464783808,0.2202838827838828
Pendulum-v1,16,raw_ridge,32,-0.9454754942381938,-0.7681019234147635,-0.7242620464783808,0.2202838827838828
Pendulum-v1,16,raw_ridge,64,-0.9454754942381938,-0.7681019234147635,-0.7242620464783808,0.2202838827838828
Pendulum-v1,16,lcb_ridge,1,-0.7325620416450068,-1.505966119452207,-0.7325620416450068,0.05668498168498167
Pendulum-v1,16,lcb_ridge,2,-0.9845360495901102,-1.2815790798700797,-0.7325620416450068,0.05668498168498167
Pendulum-v1,16,lcb_ridge,4,-0.9637376138803951,-1.2470704075931467,-0.7325620416450068,0.05668498168498167
Pendulum-v1,16,lcb_ridge,8,-0.9454754942381938,-1.1905174821892095,-0.7325620416450068,0.05668498168498167
Pendulum-v1,16,lcb_ridge,16,-0.9454754942381938,-1.1905174821892095,-0.7242620464783808,0.05668498168498167
Pendulum-v1,16,lcb_ridge,32,-0.9454754942381938,-1.1905174821892095,-0.7242620464783808,0.05668498168498167
Pendulum-v1,16,lcb_ridge,64,-0.9454754942381938,-1.1905174821892095,-0.7242620464783808,0.05668498168498167
Pendulum-v1,16,anti_ridge,1,-0.7325620416450068,0.9140818928111043,-0.7325620416450068,-0.2202838827838828
Pendulum-v1,16,anti_ridge,2,-0.7325620416450068,0.9140818928111043,-0.7325620416450068,-0.2202838827838828
Pendulum-v1,16,anti_ridge,4,-0.9448672243712051,0.9744750854567772,-0.7325620416450068,-0.2202838827838828
Pendulum-v1,16,anti_ridge,8,-0.9194315738526447,0.9906568345461285,-0.7325620416450068,-0.2202838827838828
Pendulum-v1,16,anti_ridge,16,-0.9194315738526447,0.9906568345461285,-0.7242620464783808,-0.2202838827838828
Pendulum-v1,16,anti_ridge,32,-0.9194315738526447,0.9906568345461285,-0.7242620464783808,-0.2202838827838828
Pendulum-v1,16,anti_ridge,64,-0.9194315738526447,0.9906568345461285,-0.7242620464783808,-0.2202838827838828
Pendulum-v1,16,oracle,1,-0.7325620416450068,-0.7325620416450068,-0.7325620416450068,0.9999999999999998
Pendulum-v1,16,oracle,2,-0.7325620416450068,-0.7325620416450068,-0.7325620416450068,0.9999999999999998
Pendulum-v1,16,oracle,4,-0.7325620416450068,-0.7325620416450068,-0.7325620416450068,0.9999999999999998
Pendulum-v1,16,oracle,8,-0.7325620416450068,-0.7325620416450068,-0.7325620416450068,0.9999999999999998
Pendulum-v1,16,oracle,16,-0.7242620464783808,-0.7242620464783808,-0.7242620464783808,0.9999999999999998
Pendulum-v1,16,oracle,32,-0.7242620464783808,-0.7242620464783808,-0.7242620464783808,0.9999999999999998
Pendulum-v1,16,oracle,64,-0.7242620464783808,-0.7242620464783808,-0.7242620464783808,0.9999999999999998
Pendulum-v1,16,raw_ridge_minus_random,1,0.0,,,
Pendulum-v1,16,raw_ridge_minus_random,2,-0.2519740079451034,,,
Pendulum-v1,16,raw_ridge_minus_random,4,-0.018870389509190066,,,
Pendulum-v1,16,raw_ridge_minus_random,8,-0.026043920385549035,,,
Pendulum-v1,16,raw_ridge_minus_random,16,-0.026043920385549035,,,
Pendulum-v1,16,raw_ridge_minus_random,32,0.057286943022986314,,,
Pendulum-v1,16,raw_ridge_minus_random,64,0.07273311642248204,,,
Pendulum-v1,16,lcb_ridge_minus_random,1,0.0,,,
Pendulum-v1,16,lcb_ridge_minus_random,2,-0.2519740079451034,,,
Pendulum-v1,16,lcb_ridge_minus_random,4,-0.018870389509190066,,,
Pendulum-v1,16,lcb_ridge_minus_random,8,-0.026043920385549035,,,
Pendulum-v1,16,lcb_ridge_minus_random,16,-0.026043920385549035,,,
Pendulum-v1,16,lcb_ridge_minus_random,32,0.057286943022986314,,,
Pendulum-v1,16,lcb_ridge_minus_random,64,0.07273311642248204,,,
Pendulum-v1,16,anti_ridge_minus_random,1,0.0,,,
Pendulum-v1,16,anti_ridge_minus_random,2,0.0,,,
Pendulum-v1,16,anti_ridge_minus_random,4,0.0,,,
Pendulum-v1,16,anti_ridge_minus_random,8,0.0,,,
Pendulum-v1,16,anti_ridge_minus_random,16,0.0,,,
Pendulum-v1,16,anti_ridge_minus_random,32,0.08333086340853535,,,
Pendulum-v1,16,anti_ridge_minus_random,64,0.09877703680803107,,,
Pendulum-v1,16,oracle_minus_random,1,0.0,,,
Pendulum-v1,16,oracle_minus_random,2,0.0,,,
Pendulum-v1,16,oracle_minus_random,4,0.21230518272619825,,,
Pendulum-v1,16,oracle_minus_random,8,0.1868695322076379,,,
Pendulum-v1,16,oracle_minus_random,16,0.19516952737426396,,,
Pendulum-v1,16,oracle_minus_random,32,0.2785003907827993,,,
Pendulum-v1,16,oracle_minus_random,64,0.29394656418229503,,,
Pendulum-v1,17,random,1,-0.8572973535384595,0.5058687001327412,-0.8572973535384595,-0.022435897435897433
Pendulum-v1,17,random,2,-0.8572973535384595,0.5058687001327412,-0.2823364935290255,-0.022435897435897433
Pendulum-v1,17,random,4,-0.49988887647777086,1.904930029791177,-0.2823364935290255,-0.022435897435897433
Pendulum-v1,17,random,8,-0.49988887647777086,1.904930029791177,-0.2823364935290255,-0.022435897435897433
Pendulum-v1,17,random,16,-0.49988887647777086,1.904930029791177,-0.2823364935290255,-0.022435897435897433
Pendulum-v1,17,random,32,-0.49988887647777086,1.904930029791177,-0.2823364935290255,-0.022435897435897433
Pendulum-v1,17,random,64,-0.49988887647777086,1.904930029791177,-0.2792176796171353,-0.022435897435897433
Pendulum-v1,17,raw_ridge,1,-0.8572973535384595,-0.820462456902525,-0.8572973535384595,0.3793956043956043
Pendulum-v1,17,raw_ridge,2,-0.2823364935290255,-0.7670860964372239,-0.2823364935290255,0.3793956043956043
Pendulum-v1,17,raw_ridge,4,-0.2823364935290255,-0.7670860964372239,-0.2823364935290255,0.3793956043956043
Pendulum-v1,17,raw_ridge,8,-0.2823364935290255,-0.7670860964372239,-0.2823364935290255,0.3793956043956043
Pendulum-v1,17,raw_ridge,16,-0.567818207653231,-0.7495146980868466,-0.2823364935290255,0.3793956043956043
Pendulum-v1,17,raw_ridge,32,-0.5090730897770915,-0.7180290628238075,-0.2823364935290255,0.3793956043956043
Pendulum-v1,17,raw_ridge,64,-0.5160253374533554,-0.7117889489660952,-0.2792176796171353,0.3793956043956043
Pendulum-v1,17,lcb_ridge,1,-0.8572973535384595,-1.40507469785213,-0.8572973535384595,0.5315476190476189
Pendulum-v1,17,lcb_ridge,2,-0.2823364935290255,-1.1753655116041548,-0.2823364935290255,0.5315476190476189
Pendulum-v1,17,lcb_ridge,4,-0.49988887647777086,-1.1691906650569353,-0.2823364935290255,0.5315476190476189
Pendulum-v1,17,lcb_ridge,8,-0.5027016828886897,-1.1536157300984546,-0.2823364935290255,0.5315476190476189
Pendulum-v1,17,lcb_ridge,16,-0.567818207653231,-1.1404488300997089,-0.2823364935290255,0.5315476190476189
Pendulum-v1,17,lcb_ridge,32,-0.5090730897770915,-1.126361751027579,-0.2823364935290255,0.5315476190476189
Pendulum-v1,17,lcb_ridge,64,-0.5160253374533554,-1.094135277286096,-0.2792176796171353,0.5315476190476189
Pendulum-v1,17,anti_ridge,1,-0.8572973535384595,0.820462456902525,-0.8572973535384595,-0.3793956043956043
Pendulum-v1,17,anti_ridge,2,-0.8572973535384595,0.820462456902525,-0.2823364935290255,-0.3793956043956043
Pendulum-v1,17,anti_ridge,4,-0.9180142522897665,0.8808556495481981,-0.2823364935290255,-0.3793956043956043
Pendulum-v1,17,anti_ridge,8,-0.9180142522897665,0.8808556495481981,-0.2823364935290255,-0.3793956043956043
Pendulum-v1,17,anti_ridge,16,-0.8051972461118045,0.8928014361366591,-0.2823364935290255,-0.3793956043956043
Pendulum-v1,17,anti_ridge,32,-0.8051972461118045,0.8928014361366591,-0.2823364935290255,-0.3793956043956043
Pendulum-v1,17,anti_ridge,64,-0.6581133170715127,0.9135625591676576,-0.2792176796171353,-0.3793956043956043
Pendulum-v1,17,oracle,1,-0.8572973535384595,-0.8572973535384595,-0.8572973535384595,0.9999999999999998
Pendulum-v1,17,oracle,2,-0.2823364935290255,-0.2823364935290255,-0.2823364935290255,0.9999999999999998
Pendulum-v1,17,oracle,4,-0.2823364935290255,-0.2823364935290255,-0.2823364935290255,0.9999999999999998
Pendulum-v1,17,oracle,8,-0.2823364935290255,-0.2823364935290255,-0.2823364935290255,0.9999999999999998
Pendulum-v1,17,oracle,16,-0.2823364935290255,-0.2823364935290255,-0.2823364935290255,0.9999999999999998
Pendulum-v1,17,oracle,32,-0.2823364935290255,-0.2823364935290255,-0.2823364935290255,0.9999999999999998
Pendulum-v1,17,oracle,64,-0.2792176796171353,-0.2792176796171353,-0.2792176796171353,0.9999999999999998
Pendulum-v1,17,raw_ridge_minus_random,1,0.0,,,
Pendulum-v1,17,raw_ridge_minus_random,2,0.574960860009434,,,
Pendulum-v1,17,raw_ridge_minus_random,4,0.21755238294874535,,,
Pendulum-v1,17,raw_ridge_minus_random,8,0.21755238294874535,,,
Pendulum-v1,17,raw_ridge_minus_random,16,-0.06792933117546013,,,
Pendulum-v1,17,raw_ridge_minus_random,32,-0.009184213299320676,,,
Pendulum-v1,17,raw_ridge_minus_random,64,-0.016136460975584577,,,
Pendulum-v1,17,lcb_ridge_minus_random,1,0.0,,,
Pendulum-v1,17,lcb_ridge_minus_random,2,0.574960860009434,,,
Pendulum-v1,17,lcb_ridge_minus_random,4,0.0,,,
Pendulum-v1,17,lcb_ridge_minus_random,8,-0.0028128064109188,,,
Pendulum-v1,17,lcb_ridge_minus_random,16,-0.06792933117546013,,,
Pendulum-v1,17,lcb_ridge_minus_random,32,-0.009184213299320676,,,
Pendulum-v1,17,lcb_ridge_minus_random,64,-0.016136460975584577,,,
Pendulum-v1,17,anti_ridge_minus_random,1,0.0,,,
Pendulum-v1,17,anti_ridge_minus_random,2,0.0,,,
Pendulum-v1,17,anti_ridge_minus_random,4,-0.41812537581199566,,,
Pendulum-v1,17,anti_ridge_minus_random,8,-0.41812537581199566,,,
Pendulum-v1,17,anti_ridge_minus_random,16,-0.3053083696340337,,,
Pendulum-v1,17,anti_ridge_minus_random,32,-0.3053083696340337,,,
Pendulum-v1,17,anti_ridge_minus_random,64,-0.1582244405937418,,,
Pendulum-v1,17,oracle_minus_random,1,0.0,,,
Pendulum-v1,17,oracle_minus_random,2,0.574960860009434,,,
Pendulum-v1,17,oracle_minus_random,4,0.21755238294874535,,,
Pendulum-v1,17,oracle_minus_random,8,0.21755238294874535,,,
Pendulum-v1,17,oracle_minus_random,16,0.21755238294874535,,,
Pendulum-v1,17,oracle_minus_random,32,0.21755238294874535,,,
Pendulum-v1,17,oracle_minus_random,64,0.22067119686063558,,,
MountainCarContinuous-v0,12,random,1,-0.09999999999999987,0.7354405679658738,-0.09999999999999987,-0.032967410343395516
MountainCarContinuous-v0,12,random,2,-0.09999999999999987,0.7354405679658738,0.0,-0.032967410343395516
MountainCarContinuous-v0,12,random,4,-0.09999999999999987,0.7354405679658738,0.0,-0.032967410343395516
MountainCarContinuous-v0,12,random,8,-0.009472935389521615,2.06829335049833,0.0,-0.032967410343395516
MountainCarContinuous-v0,12,random,16,-0.009472935389521615,2.06829335049833,0.0,-0.032967410343395516
MountainCarContinuous-v0,12,random,32,-0.009472935389521615,2.06829335049833,0.0,-0.032967410343395516
MountainCarContinuous-v0,12,random,64,-0.011762325075469012,3.20917560464711,0.0,-0.032967410343395516
MountainCarContinuous-v0,12,raw_ridge,1,-0.09999999999999987,-0.0995190217859789,-0.09999999999999987,0.997973877971496
MountainCarContinuous-v0,12,raw_ridge,2,0.0,-0.00010023615425628871,0.0,0.997973877971496
MountainCarContinuous-v0,12,raw_ridge,4,0.0,-0.00010023615425628871,0.0,0.997973877971496
MountainCarContinuous-v0,12,raw_ridge,8,0.0,-0.00010023615425628871,0.0,0.997973877971496
MountainCarContinuous-v0,12,raw_ridge,16,0.0,-0.00010023615425628871,0.0,0.997973877971496
MountainCarContinuous-v0,12,raw_ridge,32,0.0,-0.00010023615425628871,0.0,0.997973877971496
MountainCarContinuous-v0,12,raw_ridge,64,0.0,-0.00010023615425628871,0.0,0.997973877971496
MountainCarContinuous-v0,12,lcb_ridge,1,-0.09999999999999987,-0.15070735477277283,-0.09999999999999987,0.9991185797195303
MountainCarContinuous-v0,12,lcb_ridge,2,0.0,-0.0010442702181889198,0.0,0.9991185797195303
MountainCarContinuous-v0,12,lcb_ridge,4,0.0,-0.0010442702181889198,0.0,0.9991185797195303
MountainCarContinuous-v0,12,lcb_ridge,8,0.0,-0.0010442702181889198,0.0,0.9991185797195303
MountainCarContinuous-v0,12,lcb_ridge,16,0.0,-0.0010442702181889198,0.0,0.9991185797195303
MountainCarContinuous-v0,12,lcb_ridge,32,0.0,-0.0010442702181889198,0.0,0.9991185797195303
MountainCarContinuous-v0,12,lcb_ridge,64,0.0,-0.0010442702181889198,0.0,0.9991185797195303
MountainCarContinuous-v0,12,anti_ridge,1,-0.09999999999999987,0.0995190217859789,-0.09999999999999987,-0.997973877971496
MountainCarContinuous-v0,12,anti_ridge,2,-0.09999999999999987,0.0995190217859789,0.0,-0.997973877971496
MountainCarContinuous-v0,12,anti_ridge,4,-0.09999999999999987,0.0996142377747064,0.0,-0.997973877971496
MountainCarContinuous-v0,12,anti_ridge,8,-0.09999999999999987,0.0996142377747064,0.0,-0.997973877971496
MountainCarContinuous-v0,12,anti_ridge,16,-0.09999999999999987,0.0996142377747064,0.0,-0.997973877971496
MountainCarContinuous-v0,12,anti_ridge,32,-0.09999999999999987,0.0996142377747064,0.0,-0.997973877971496
MountainCarContinuous-v0,12,anti_ridge,64,-0.09999999999999987,0.0996142377747064,0.0,-0.997973877971496
MountainCarContinuous-v0,12,oracle,1,-0.09999999999999987,-0.09999999999999987,-0.09999999999999987,0.9999999999999998
MountainCarContinuous-v0,12,oracle,2,0.0,0.0,0.0,0.9999999999999998
MountainCarContinuous-v0,12,oracle,4,0.0,0.0,0.0,0.9999999999999998
MountainCarContinuous-v0,12,oracle,8,0.0,0.0,0.0,0.9999999999999998
MountainCarContinuous-v0,12,oracle,16,0.0,0.0,0.0,0.9999999999999998
MountainCarContinuous-v0,12,oracle,32,0.0,0.0,0.0,0.9999999999999998
MountainCarContinuous-v0,12,oracle,64,0.0,0.0,0.0,0.9999999999999998
MountainCarContinuous-v0,12,raw_ridge_minus_random,1,0.0,,,
MountainCarContinuous-v0,12,raw_ridge_minus_random,2,0.09999999999999987,,,
MountainCarContinuous-v0,12,raw_ridge_minus_random,4,0.09999999999999987,,,
MountainCarContinuous-v0,12,raw_ridge_minus_random,8,0.009472935389521615,,,
MountainCarContinuous-v0,12,raw_ridge_minus_random,16,0.009472935389521615,,,
MountainCarContinuous-v0,12,raw_ridge_minus_random,32,0.009472935389521615,,,
MountainCarContinuous-v0,12,raw_ridge_minus_random,64,0.011762325075469012,,,
MountainCarContinuous-v0,12,lcb_ridge_minus_random,1,0.0,,,
MountainCarContinuous-v0,12,lcb_ridge_minus_random,2,0.09999999999999987,,,
MountainCarContinuous-v0,12,lcb_ridge_minus_random,4,0.09999999999999987,,,
MountainCarContinuous-v0,12,lcb_ridge_minus_random,8,0.009472935389521615,,,
MountainCarContinuous-v0,12,lcb_ridge_minus_random,16,0.009472935389521615,,,
MountainCarContinuous-v0,12,lcb_ridge_minus_random,32,0.009472935389521615,,,
MountainCarContinuous-v0,12,lcb_ridge_minus_random,64,0.011762325075469012,,,
MountainCarContinuous-v0,12,anti_ridge_minus_random,1,0.0,,,
MountainCarContinuous-v0,12,anti_ridge_minus_random,2,0.0,,,
MountainCarContinuous-v0,12,anti_ridge_minus_random,4,0.0,,,
MountainCarContinuous-v0,12,anti_ridge_minus_random,8,-0.09052706461047826,,,
MountainCarContinuous-v0,12,anti_ridge_minus_random,16,-0.09052706461047826,,,
MountainCarContinuous-v0,12,anti_ridge_minus_random,32,-0.09052706461047826,,,
MountainCarContinuous-v0,12,anti_ridge_minus_random,64,-0.08823767492453086,,,
MountainCarContinuous-v0,12,oracle_minus_random,1,0.0,,,
MountainCarContinuous-v0,12,oracle_minus_random,2,0.09999999999999987,,,
MountainCarContinuous-v0,12,oracle_minus_random,4,0.09999999999999987,,,
MountainCarContinuous-v0,12,oracle_minus_random,8,0.009472935389521615,,,
MountainCarContinuous-v0,12,oracle_minus_random,16,0.009472935389521615,,,
MountainCarContinuous-v0,12,oracle_minus_random,32,0.009472935389521615,,,
MountainCarContinuous-v0,12,oracle_minus_random,64,0.011762325075469012,,,
MountainCarContinuous-v0,13,random,1,-0.09999999999999987,-1.3614630215263845,-0.09999999999999987,-0.128389748059557
MountainCarContinuous-v0,13,random,2,0.0,0.17126754953148574,0.0,-0.128389748059557
MountainCarContinuous-v0,13,random,4,-0.09999999999999987,0.17261204884286974,0.0,-0.128389748059557
MountainCarContinuous-v0,13,random,8,-0.017546766864094017,1.3009650567313307,0.0,-0.128389748059557
MountainCarContinuous-v0,13,random,16,-0.017546766864094017,1.3009650567313307,0.0,-0.128389748059557
MountainCarContinuous-v0,13,random,32,-0.00903026453821024,1.6813910846085136,0.0,-0.128389748059557
MountainCarContinuous-v0,13,random,64,-0.005791029016577669,1.8505630477160966,0.0,-0.128389748059557
MountainCarContinuous-v0,13,raw_ridge,1,-0.09999999999999987,-0.09951769280881131,-0.09999999999999987,0.997973877971496
MountainCarContinuous-v0,13,raw_ridge,2,0.0,-9.890717708869007e-05,0.0,0.997973877971496
MountainCarContinuous-v0,13,raw_ridge,4,0.0,-9.890717708869007e-05,0.0,0.997973877971496
MountainCarContinuous-v0,13,raw_ridge,8,0.0,-9.890717708869007e-05,0.0,0.997973877971496
MountainCarContinuous-v0,13,raw_ridge,16,0.0,-9.890717708869007e-05,0.0,0.997973877971496
MountainCarContinuous-v0,13,raw_ridge,32,0.0,-9.890717708869007e-05,0.0,0.997973877971496
MountainCarContinuous-v0,13,raw_ridge,64,0.0,-9.890717708869007e-05,0.0,0.997973877971496
MountainCarContinuous-v0,13,lcb_ridge,1,-0.09999999999999987,-0.15070731525146577,-0.09999999999999987,0.9985233348105523
MountainCarContinuous-v0,13,lcb_ridge,2,0.0,-0.0010418291409216528,0.0,0.9985233348105523
MountainCarContinuous-v0,13,lcb_ridge,4,0.0,-0.0010418291409216528,0.0,0.9985233348105523
MountainCarContinuous-v0,13,lcb_ridge,8,0.0,-0.0010418291409216528,0.0,0.9985233348105523
MountainCarContinuous-v0,13,lcb_ridge,16,0.0,-0.0010418291409216528,0.0,0.9985233348105523
MountainCarContinuous-v0,13,lcb_ridge,32,0.0,-0.0010418291409216528,0.0,0.9985233348105523
MountainCarContinuous-v0,13,lcb_ridge,64,0.0,-0.0010418291409216528,0.0,0.9985233348105523
MountainCarContinuous-v0,13,anti_ridge,1,-0.09999999999999987,0.09951769280881131,-0.09999999999999987,-0.997973877971496
MountainCarContinuous-v0,13,anti_ridge,2,-0.09999999999999987,0.09951769280881131,0.0,-0.997973877971496
MountainCarContinuous-v0,13,anti_ridge,4,-0.09999999999999987,0.09961290879753881,0.0,-0.997973877971496
MountainCarContinuous-v0,13,anti_ridge,8,-0.09999999999999987,0.09961290879753881,0.0,-0.997973877971496
MountainCarContinuous-v0,13,anti_ridge,16,-0.09999999999999987,0.09961290879753881,0.0,-0.997973877971496
MountainCarContinuous-v0,13,anti_ridge,32,-0.09999999999999987,0.09961290879753881,0.0,-0.997973877971496
MountainCarContinuous-v0,13,anti_ridge,64,-0.09999999999999987,0.09961290879753881,0.0,-0.997973877971496
MountainCarContinuous-v0,13,oracle,1,-0.09999999999999987,-0.09999999999999987,-0.09999999999999987,0.9999999999999998
MountainCarContinuous-v0,13,oracle,2,0.0,0.0,0.0,0.9999999999999998
MountainCarContinuous-v0,13,oracle,4,0.0,0.0,0.0,0.9999999999999998
MountainCarContinuous-v0,13,oracle,8,0.0,0.0,0.0,0.9999999999999998
MountainCarContinuous-v0,13,oracle,16,0.0,0.0,0.0,0.9999999999999998
MountainCarContinuous-v0,13,oracle,32,0.0,0.0,0.0,0.9999999999999998
MountainCarContinuous-v0,13,oracle,64,0.0,0.0,0.0,0.9999999999999998
MountainCarContinuous-v0,13,raw_ridge_minus_random,1,0.0,,,
MountainCarContinuous-v0,13,raw_ridge_minus_random,2,0.0,,,
MountainCarContinuous-v0,13,raw_ridge_minus_random,4,0.09999999999999987,,,
MountainCarContinuous-v0,13,raw_ridge_minus_random,8,0.017546766864094017,,,
MountainCarContinuous-v0,13,raw_ridge_minus_random,16,0.017546766864094017,,,
MountainCarContinuous-v0,13,raw_ridge_minus_random,32,0.00903026453821024,,,
MountainCarContinuous-v0,13,raw_ridge_minus_random,64,0.005791029016577669,,,
MountainCarContinuous-v0,13,lcb_ridge_minus_random,1,0.0,,,
MountainCarContinuous-v0,13,lcb_ridge_minus_random,2,0.0,,,
MountainCarContinuous-v0,13,lcb_ridge_minus_random,4,0.09999999999999987,,,
MountainCarContinuous-v0,13,lcb_ridge_minus_random,8,0.017546766864094017,,,
MountainCarContinuous-v0,13,lcb_ridge_minus_random,16,0.017546766864094017,,,
MountainCarContinuous-v0,13,lcb_ridge_minus_random,32,0.00903026453821024,,,
MountainCarContinuous-v0,13,lcb_ridge_minus_random,64,0.005791029016577669,,,
MountainCarContinuous-v0,13,anti_ridge_minus_random,1,0.0,,,
MountainCarContinuous-v0,13,anti_ridge_minus_random,2,-0.09999999999999987,,,
MountainCarContinuous-v0,13,anti_ridge_minus_random,4,0.0,,,
MountainCarContinuous-v0,13,anti_ridge_minus_random,8,-0.08245323313590586,,,
MountainCarContinuous-v0,13,anti_ridge_minus_random,16,-0.08245323313590586,,,
MountainCarContinuous-v0,13,anti_ridge_minus_random,32,-0.09096973546178963,,,
MountainCarContinuous-v0,13,anti_ridge_minus_random,64,-0.0942089709834222,,,
MountainCarContinuous-v0,13,oracle_minus_random,1,0.0,,,
MountainCarContinuous-v0,13,oracle_minus_random,2,0.0,,,
MountainCarContinuous-v0,13,oracle_minus_random,4,0.09999999999999987,,,
MountainCarContinuous-v0,13,oracle_minus_random,8,0.017546766864094017,,,
MountainCarContinuous-v0,13,oracle_minus_random,16,0.017546766864094017,,,
MountainCarContinuous-v0,13,oracle_minus_random,32,0.00903026453821024,,,
MountainCarContinuous-v0,13,oracle_minus_random,64,0.005791029016577669,,,
MountainCarContinuous-v0,14,random,1,-0.09999999999999987,1.495989183408958,-0.09999999999999987,0.017193420255479187
MountainCarContinuous-v0,14,random,2,0.0,2.1870657575779817,0.0,0.017193420255479187
MountainCarContinuous-v0,14,random,4,0.0,2.1870657575779817,0.0,0.017193420255479187
MountainCarContinuous-v0,14,random,8,0.0,2.1870657575779817,0.0,0.017193420255479187
MountainCarContinuous-v0,14,random,16,0.0,2.1870657575779817,0.0,0.017193420255479187
MountainCarContinuous-v0,14,random,32,0.0,2.1870657575779817,0.0,0.017193420255479187
MountainCarContinuous-v0,14,random,64,0.0,2.1870657575779817,0.0,0.017193420255479187
MountainCarContinuous-v0,14,raw_ridge,1,-0.09999999999999987,-0.0995088224657469,-0.09999999999999987,0.99811124218126
MountainCarContinuous-v0,14,raw_ridge,2,0.0,-9.003683402427671e-05,0.0,0.99811124218126
MountainCarContinuous-v0,14,raw_ridge,4,0.0,-9.003683402427671e-05,0.0,0.99811124218126
MountainCarContinuous-v0,14,raw_ridge,8,0.0,-9.003683402427671e-05,0.0,0.99811124218126
MountainCarContinuous-v0,14,raw_ridge,16,0.0,-9.003683402427671e-05,0.0,0.99811124218126
MountainCarContinuous-v0,14,raw_ridge,32,0.0,-9.003683402427671e-05,0.0,0.99811124218126
MountainCarContinuous-v0,14,raw_ridge,64,0.0,-9.003683402427671e-05,0.0,0.99811124218126
MountainCarContinuous-v0,14,lcb_ridge,1,-0.09999999999999987,-0.1507070784100314,-0.09999999999999987,0.9982486063910242
MountainCarContinuous-v0,14,lcb_ridge,2,0.0,-0.0010256137895474943,0.0,0.9982486063910242
MountainCarContinuous-v0,14,lcb_ridge,4,0.0,-0.0010256137895474943,0.0,0.9982486063910242
MountainCarContinuous-v0,14,lcb_ridge,8,0.0,-0.0010256137895474943,0.0,0.9982486063910242
MountainCarContinuous-v0,14,lcb_ridge,16,0.0,-0.0010256137895474943,0.0,0.9982486063910242
MountainCarContinuous-v0,14,lcb_ridge,32,0.0,-0.0010256137895474943,0.0,0.9982486063910242
MountainCarContinuous-v0,14,lcb_ridge,64,0.0,-0.0010256137895474943,0.0,0.9982486063910242
MountainCarContinuous-v0,14,anti_ridge,1,-0.09999999999999987,0.0995088224657469,-0.09999999999999987,-0.99811124218126
MountainCarContinuous-v0,14,anti_ridge,2,-0.09999999999999987,0.0995088224657469,0.0,-0.99811124218126
MountainCarContinuous-v0,14,anti_ridge,4,-0.09999999999999987,0.0996040384544744,0.0,-0.99811124218126
MountainCarContinuous-v0,14,anti_ridge,8,-0.09999999999999987,0.0996040384544744,0.0,-0.99811124218126
MountainCarContinuous-v0,14,anti_ridge,16,-0.09999999999999987,0.0996040384544744,0.0,-0.99811124218126
MountainCarContinuous-v0,14,anti_ridge,32,-0.09999999999999987,0.0996040384544744,0.0,-0.99811124218126
MountainCarContinuous-v0,14,anti_ridge,64,-0.09999999999999987,0.0996040384544744,0.0,-0.99811124218126
MountainCarContinuous-v0,14,oracle,1,-0.09999999999999987,-0.09999999999999987,-0.09999999999999987,0.9999999999999998
MountainCarContinuous-v0,14,oracle,2,0.0,0.0,0.0,0.9999999999999998
MountainCarContinuous-v0,14,oracle,4,0.0,0.0,0.0,0.9999999999999998
MountainCarContinuous-v0,14,oracle,8,0.0,0.0,0.0,0.9999999999999998
MountainCarContinuous-v0,14,oracle,16,0.0,0.0,0.0,0.9999999999999998
MountainCarContinuous-v0,14,oracle,32,0.0,0.0,0.0,0.9999999999999998
MountainCarContinuous-v0,14,oracle,64,0.0,0.0,0.0,0.9999999999999998
MountainCarContinuous-v0,14,raw_ridge_minus_random,1,0.0,,,
MountainCarContinuous-v0,14,raw_ridge_minus_random,2,0.0,,,
MountainCarContinuous-v0,14,raw_ridge_minus_random,4,0.0,,,
MountainCarContinuous-v0,14,raw_ridge_minus_random,8,0.0,,,
MountainCarContinuous-v0,14,raw_ridge_minus_random,16,0.0,,,
MountainCarContinuous-v0,14,raw_ridge_minus_random,32,0.0,,,
MountainCarContinuous-v0,14,raw_ridge_minus_random,64,0.0,,,
MountainCarContinuous-v0,14,lcb_ridge_minus_random,1,0.0,,,
MountainCarContinuous-v0,14,lcb_ridge_minus_random,2,0.0,,,
MountainCarContinuous-v0,14,lcb_ridge_minus_random,4,0.0,,,
MountainCarContinuous-v0,14,lcb_ridge_minus_random,8,0.0,,,
MountainCarContinuous-v0,14,lcb_ridge_minus_random,16,0.0,,,
MountainCarContinuous-v0,14,lcb_ridge_minus_random,32,0.0,,,
MountainCarContinuous-v0,14,lcb_ridge_minus_random,64,0.0,,,
MountainCarContinuous-v0,14,anti_ridge_minus_random,1,0.0,,,
MountainCarContinuous-v0,14,anti_ridge_minus_random,2,-0.09999999999999987,,,
MountainCarContinuous-v0,14,anti_ridge_minus_random,4,-0.09999999999999987,,,
MountainCarContinuous-v0,14,anti_ridge_minus_random,8,-0.09999999999999987,,,
MountainCarContinuous-v0,14,anti_ridge_minus_random,16,-0.09999999999999987,,,
MountainCarContinuous-v0,14,anti_ridge_minus_random,32,-0.09999999999999987,,,
MountainCarContinuous-v0,14,anti_ridge_minus_random,64,-0.09999999999999987,,,
MountainCarContinuous-v0,14,oracle_minus_random,1,0.0,,,
MountainCarContinuous-v0,14,oracle_minus_random,2,0.0,,,
MountainCarContinuous-v0,14,oracle_minus_random,4,0.0,,,
MountainCarContinuous-v0,14,oracle_minus_random,8,0.0,,,
MountainCarContinuous-v0,14,oracle_minus_random,16,0.0,,,
MountainCarContinuous-v0,14,oracle_minus_random,32,0.0,,,
MountainCarContinuous-v0,14,oracle_minus_random,64,0.0,,,
MountainCarContinuous-v0,15,random,1,-0.09999999999999987,1.0018765343019762,-0.09999999999999987,0.0404079717056202
MountainCarContinuous-v0,15,random,2,-0.09999999999999987,1.0018765343019762,0.0,0.0404079717056202
MountainCarContinuous-v0,15,random,4,-0.09999999999999987,1.0018765343019762,0.0,0.0404079717056202
MountainCarContinuous-v0,15,random,8,-0.09999999999999987,1.0018765343019762,0.0,0.0404079717056202
MountainCarContinuous-v0,15,random,16,-0.09999999999999987,1.0018765343019762,0.0,0.0404079717056202
MountainCarContinuous-v0,15,random,32,-0.0076284840373167595,1.3811023324167895,0.0,0.0404079717056202
MountainCarContinuous-v0,15,random,64,-0.026677593133643637,1.939590313066787,0.0,0.0404079717056202
MountainCarContinuous-v0,15,raw_ridge,1,-0.09999999999999987,-0.09950937971965584,-0.09999999999999987,0.997882301831653
MountainCarContinuous-v0,15,raw_ridge,2,0.0,-9.059408793322966e-05,0.0,0.997882301831653
MountainCarContinuous-v0,15,raw_ridge,4,0.0,-9.059408793322966e-05,0.0,0.997882301831653
MountainCarContinuous-v0,15,raw_ridge,8,0.0,-9.059408793322966e-05,0.0,0.997882301831653
MountainCarContinuous-v0,15,raw_ridge,16,0.0,-9.059408793322966e-05,0.0,0.997882301831653
MountainCarContinuous-v0,15,raw_ridge,32,0.0,-9.059408793322966e-05,0.0,0.997882301831653
MountainCarContinuous-v0,15,raw_ridge,64,0.0,-9.059408793322966e-05,0.0,0.997882301831653
MountainCarContinuous-v0,15,lcb_ridge,1,-0.09999999999999987,-0.1507070919301824,-0.09999999999999987,0.9987522751601593
MountainCarContinuous-v0,15,lcb_ridge,2,0.0,-0.0010266284003823442,0.0,0.9987522751601593
MountainCarContinuous-v0,15,lcb_ridge,4,0.0,-0.0010266284003823442,0.0,0.9987522751601593
MountainCarContinuous-v0,15,lcb_ridge,8,0.0,-0.0010266284003823442,0.0,0.9987522751601593
MountainCarContinuous-v0,15,lcb_ridge,16,0.0,-0.0010266284003823442,0.0,0.9987522751601593
MountainCarContinuous-v0,15,lcb_ridge,32,0.0,-0.0010266284003823442,0.0,0.9987522751601593
MountainCarContinuous-v0,15,lcb_ridge,64,0.0,-0.0010266284003823442,0.0,0.9987522751601593
MountainCarContinuous-v0,15,anti_ridge,1,-0.09999999999999987,0.09950937971965584,-0.09999999999999987,-0.997882301831653
MountainCarContinuous-v0,15,anti_ridge,2,-0.09999999999999987,0.09950937971965584,0.0,-0.997882301831653
MountainCarContinuous-v0,15,anti_ridge,4,-0.09999999999999987,0.09960459570838336,0.0,-0.997882301831653
MountainCarContinuous-v0,15,anti_ridge,8,-0.09999999999999987,0.09960459570838336,0.0,-0.997882301831653
MountainCarContinuous-v0,15,anti_ridge,16,-0.09999999999999987,0.09960459570838336,0.0,-0.997882301831653
MountainCarContinuous-v0,15,anti_ridge,32,-0.09999999999999987,0.09960459570838336,0.0,-0.997882301831653
MountainCarContinuous-v0,15,anti_ridge,64,-0.09999999999999987,0.09960459570838336,0.0,-0.997882301831653
MountainCarContinuous-v0,15,oracle,1,-0.09999999999999987,-0.09999999999999987,-0.09999999999999987,0.9999999999999998
MountainCarContinuous-v0,15,oracle,2,0.0,0.0,0.0,0.9999999999999998
MountainCarContinuous-v0,15,oracle,4,0.0,0.0,0.0,0.9999999999999998
MountainCarContinuous-v0,15,oracle,8,0.0,0.0,0.0,0.9999999999999998
MountainCarContinuous-v0,15,oracle,16,0.0,0.0,0.0,0.9999999999999998
MountainCarContinuous-v0,15,oracle,32,0.0,0.0,0.0,0.9999999999999998
MountainCarContinuous-v0,15,oracle,64,0.0,0.0,0.0,0.9999999999999998
MountainCarContinuous-v0,15,raw_ridge_minus_random,1,0.0,,,
MountainCarContinuous-v0,15,raw_ridge_minus_random,2,0.09999999999999987,,,
MountainCarContinuous-v0,15,raw_ridge_minus_random,4,0.09999999999999987,,,
MountainCarContinuous-v0,15,raw_ridge_minus_random,8,0.09999999999999987,,,
MountainCarContinuous-v0,15,raw_ridge_minus_random,16,0.09999999999999987,,,
MountainCarContinuous-v0,15,raw_ridge_minus_random,32,0.0076284840373167595,,,
MountainCarContinuous-v0,15,raw_ridge_minus_random,64,0.026677593133643637,,,
MountainCarContinuous-v0,15,lcb_ridge_minus_random,1,0.0,,,
MountainCarContinuous-v0,15,lcb_ridge_minus_random,2,0.09999999999999987,,,
MountainCarContinuous-v0,15,lcb_ridge_minus_random,4,0.09999999999999987,,,
MountainCarContinuous-v0,15,lcb_ridge_minus_random,8,0.09999999999999987,,,
MountainCarContinuous-v0,15,lcb_ridge_minus_random,16,0.09999999999999987,,,
MountainCarContinuous-v0,15,lcb_ridge_minus_random,32,0.0076284840373167595,,,
MountainCarContinuous-v0,15,lcb_ridge_minus_random,64,0.026677593133643637,,,
MountainCarContinuous-v0,15,anti_ridge_minus_random,1,0.0,,,
MountainCarContinuous-v0,15,anti_ridge_minus_random,2,0.0,,,
MountainCarContinuous-v0,15,anti_ridge_minus_random,4,0.0,,,
MountainCarContinuous-v0,15,anti_ridge_minus_random,8,0.0,,,
MountainCarContinuous-v0,15,anti_ridge_minus_random,16,0.0,,,
MountainCarContinuous-v0,15,anti_ridge_minus_random,32,-0.0923715159626831,,,
MountainCarContinuous-v0,15,anti_ridge_minus_random,64,-0.07332240686635623,,,
MountainCarContinuous-v0,15,oracle_minus_random,1,0.0,,,
MountainCarContinuous-v0,15,oracle_minus_random,2,0.09999999999999987,,,
MountainCarContinuous-v0,15,oracle_minus_random,4,0.09999999999999987,,,
MountainCarContinuous-v0,15,oracle_minus_random,8,0.09999999999999987,,,
MountainCarContinuous-v0,15,oracle_minus_random,16,0.09999999999999987,,,
MountainCarContinuous-v0,15,oracle_minus_random,32,0.0076284840373167595,,,
MountainCarContinuous-v0,15,oracle_minus_random,64,0.026677593133643637,,,
MountainCarContinuous-v0,16,random,1,-0.09999999999999987,-0.07133809853677012,-0.09999999999999987,-0.20538238763236194
MountainCarContinuous-v0,16,random,2,-0.09999999999999987,-0.07133809853677012,0.0,-0.20538238763236194
MountainCarContinuous-v0,16,random,4,-0.008838551452079324,0.5559510455625976,0.0,-0.20538238763236194
MountainCarContinuous-v0,16,random,8,-0.008838551452079324,0.5559510455625976,0.0,-0.20538238763236194
MountainCarContinuous-v0,16,random,16,-0.027515439498284226,0.8580625296361164,0.0,-0.20538238763236194
MountainCarContinuous-v0,16,random,32,-0.0069889657100498225,1.5067863666741563,0.0,-0.20538238763236194
MountainCarContinuous-v0,16,random,64,-0.009020661664557093,2.4261096777838427,0.0,-0.20538238763236194
MountainCarContinuous-v0,16,raw_ridge,1,-0.09999999999999987,-0.0995063001058086,-0.09999999999999987,0.9955471102656626
MountainCarContinuous-v0,16,raw_ridge,2,0.0,-8.751447408599052e-05,0.0,0.9955471102656626
MountainCarContinuous-v0,16,raw_ridge,4,0.0,-8.751447408599052e-05,0.0,0.9955471102656626
MountainCarContinuous-v0,16,raw_ridge,8,0.0,-8.751447408599052e-05,0.0,0.9955471102656626
MountainCarContinuous-v0,16,raw_ridge,16,0.0,-8.751447408599052e-05,0.0,0.9955471102656626
MountainCarContinuous-v0,16,raw_ridge,32,0.0,-8.751447408599052e-05,0.0,0.9955471102656626
MountainCarContinuous-v0,16,raw_ridge,64,0.0,-8.751447408599052e-05,0.0,0.9955471102656626
MountainCarContinuous-v0,16,lcb_ridge,1,-0.09999999999999987,-0.15070701944976211,-0.09999999999999987,0.9968749642933825
MountainCarContinuous-v0,16,lcb_ridge,2,0.0,-0.0010210282547967987,0.0,0.9968749642933825
MountainCarContinuous-v0,16,lcb_ridge,4,0.0,-0.0010210282547967987,0.0,0.9968749642933825
MountainCarContinuous-v0,16,lcb_ridge,8,0.0,-0.0010210282547967987,0.0,0.9968749642933825
MountainCarContinuous-v0,16,lcb_ridge,16,0.0,-0.0010210282547967987,0.0,0.9968749642933825
MountainCarContinuous-v0,16,lcb_ridge,32,0.0,-0.0010210282547967987,0.0,0.9968749642933825
MountainCarContinuous-v0,16,lcb_ridge,64,0.0,-0.0010210282547967987,0.0,0.9968749642933825
MountainCarContinuous-v0,16,anti_ridge,1,-0.09999999999999987,0.0995063001058086,-0.09999999999999987,-0.9955471102656626
MountainCarContinuous-v0,16,anti_ridge,2,-0.09999999999999987,0.0995063001058086,0.0,-0.9955471102656626
MountainCarContinuous-v0,16,anti_ridge,4,-0.09999999999999987,0.09960151609453612,0.0,-0.9955471102656626
MountainCarContinuous-v0,16,anti_ridge,8,-0.09999999999999987,0.09960151609453612,0.0,-0.9955471102656626
MountainCarContinuous-v0,16,anti_ridge,16,-0.09999999999999987,0.09960151609453612,0.0,-0.9955471102656626
MountainCarContinuous-v0,16,anti_ridge,32,-0.09999999999999987,0.09960151609453612,0.0,-0.9955471102656626
MountainCarContinuous-v0,16,anti_ridge,64,-0.09999999999999987,0.09960151609453612,0.0,-0.9955471102656626
MountainCarContinuous-v0,16,oracle,1,-0.09999999999999987,-0.09999999999999987,-0.09999999999999987,0.9999999999999998
MountainCarContinuous-v0,16,oracle,2,0.0,0.0,0.0,0.9999999999999998
MountainCarContinuous-v0,16,oracle,4,0.0,0.0,0.0,0.9999999999999998
MountainCarContinuous-v0,16,oracle,8,0.0,0.0,0.0,0.9999999999999998
MountainCarContinuous-v0,16,oracle,16,0.0,0.0,0.0,0.9999999999999998
MountainCarContinuous-v0,16,oracle,32,0.0,0.0,0.0,0.9999999999999998
MountainCarContinuous-v0,16,oracle,64,0.0,0.0,0.0,0.9999999999999998
MountainCarContinuous-v0,16,raw_ridge_minus_random,1,0.0,,,
MountainCarContinuous-v0,16,raw_ridge_minus_random,2,0.09999999999999987,,,
MountainCarContinuous-v0,16,raw_ridge_minus_random,4,0.008838551452079324,,,
MountainCarContinuous-v0,16,raw_ridge_minus_random,8,0.008838551452079324,,,
MountainCarContinuous-v0,16,raw_ridge_minus_random,16,0.027515439498284226,,,
MountainCarContinuous-v0,16,raw_ridge_minus_random,32,0.0069889657100498225,,,
MountainCarContinuous-v0,16,raw_ridge_minus_random,64,0.009020661664557093,,,
MountainCarContinuous-v0,16,lcb_ridge_minus_random,1,0.0,,,
MountainCarContinuous-v0,16,lcb_ridge_minus_random,2,0.09999999999999987,,,
MountainCarContinuous-v0,16,lcb_ridge_minus_random,4,0.008838551452079324,,,
MountainCarContinuous-v0,16,lcb_ridge_minus_random,8,0.008838551452079324,,,
MountainCarContinuous-v0,16,lcb_ridge_minus_random,16,0.027515439498284226,,,
MountainCarContinuous-v0,16,lcb_ridge_minus_random,32,0.0069889657100498225,,,
MountainCarContinuous-v0,16,lcb_ridge_minus_random,64,0.009020661664557093,,,
MountainCarContinuous-v0,16,anti_ridge_minus_random,1,0.0,,,
MountainCarContinuous-v0,16,anti_ridge_minus_random,2,0.0,,,
MountainCarContinuous-v0,16,anti_ridge_minus_random,4,-0.09116144854792055,,,
MountainCarContinuous-v0,16,anti_ridge_minus_random,8,-0.09116144854792055,,,
MountainCarContinuous-v0,16,anti_ridge_minus_random,16,-0.07248456050171564,,,
MountainCarContinuous-v0,16,anti_ridge_minus_random,32,-0.09301103428995004,,,
MountainCarContinuous-v0,16,anti_ridge_minus_random,64,-0.09097933833544278,,,
MountainCarContinuous-v0,16,oracle_minus_random,1,0.0,,,
MountainCarContinuous-v0,16,oracle_minus_random,2,0.09999999999999987,,,
MountainCarContinuous-v0,16,oracle_minus_random,4,0.008838551452079324,,,
MountainCarContinuous-v0,16,oracle_minus_random,8,0.008838551452079324,,,
MountainCarContinuous-v0,16,oracle_minus_random,16,0.027515439498284226,,,
MountainCarContinuous-v0,16,oracle_minus_random,32,0.0069889657100498225,,,
MountainCarContinuous-v0,16,oracle_minus_random,64,0.009020661664557093,,,
MountainCarContinuous-v0,17,random,1,-0.09999999999999987,-0.8636212395159035,-0.09999999999999987,0.06224888105811974
MountainCarContinuous-v0,17,random,2,0.0,-0.05016967123958698,0.0,0.06224888105811974
MountainCarContinuous-v0,17,random,4,-0.009578772350654748,0.8664419727914128,0.0,0.06224888105811974
MountainCarContinuous-v0,17,random,8,-0.008610161212040265,1.1279774805052336,0.0,0.06224888105811974
MountainCarContinuous-v0,17,random,16,-0.008610161212040265,1.1279774805052336,0.0,0.06224888105811974
MountainCarContinuous-v0,17,random,32,-0.03250699633276102,1.7928860443875976,0.0,0.06224888105811974
MountainCarContinuous-v0,17,random,64,-0.05021273929096953,2.139404189424529,0.0,0.06224888105811974
MountainCarContinuous-v0,17,raw_ridge,1,-0.09999999999999987,-0.09953081929560618,-0.09999999999999987,0.9987522751601593
MountainCarContinuous-v0,17,raw_ridge,2,0.0,-0.00011203366388356135,0.0,0.9987522751601593
MountainCarContinuous-v0,17,raw_ridge,4,0.0,-0.00011203366388356135,0.0,0.9987522751601593
MountainCarContinuous-v0,17,raw_ridge,8,0.0,-0.00011203366388356135,0.0,0.9987522751601593
MountainCarContinuous-v0,17,raw_ridge,16,0.0,-0.00011203366388356135,0.0,0.9987522751601593
MountainCarContinuous-v0,17,raw_ridge,32,0.0,-0.00011203366388356135,0.0,0.9987522751601593
MountainCarContinuous-v0,17,raw_ridge,64,0.0,-0.00011203366388356135,0.0,0.9987522751601593
MountainCarContinuous-v0,17,lcb_ridge,1,-0.09999999999999987,-0.15070775338518122,-0.09999999999999987,0.9990270035796877
MountainCarContinuous-v0,17,lcb_ridge,2,0.0,-0.001066066527245122,0.0,0.9990270035796877
MountainCarContinuous-v0,17,lcb_ridge,4,0.0,-0.001066066527245122,0.0,0.9990270035796877
MountainCarContinuous-v0,17,lcb_ridge,8,0.0,-0.001066066527245122,0.0,0.9990270035796877
MountainCarContinuous-v0,17,lcb_ridge,16,0.0,-0.001066066527245122,0.0,0.9990270035796877
MountainCarContinuous-v0,17,lcb_ridge,32,0.0,-0.001066066527245122,0.0,0.9990270035796877
MountainCarContinuous-v0,17,lcb_ridge,64,0.0,-0.001066066527245122,0.0,0.9990270035796877
MountainCarContinuous-v0,17,anti_ridge,1,-0.09999999999999987,0.09953081929560618,-0.09999999999999987,-0.9987522751601593
MountainCarContinuous-v0,17,anti_ridge,2,-0.09999999999999987,0.09953081929560618,0.0,-0.9987522751601593
MountainCarContinuous-v0,17,anti_ridge,4,-0.09999999999999987,0.09962603528433368,0.0,-0.9987522751601593
MountainCarContinuous-v0,17,anti_ridge,8,-0.09999999999999987,0.09962603528433368,0.0,-0.9987522751601593
MountainCarContinuous-v0,17,anti_ridge,16,-0.09999999999999987,0.09962603528433368,0.0,-0.9987522751601593
MountainCarContinuous-v0,17,anti_ridge,32,-0.09999999999999987,0.09962603528433368,0.0,-0.9987522751601593
MountainCarContinuous-v0,17,anti_ridge,64,-0.09999999999999987,0.09962603528433368,0.0,-0.9987522751601593
MountainCarContinuous-v0,17,oracle,1,-0.09999999999999987,-0.09999999999999987,-0.09999999999999987,0.9999999999999998
MountainCarContinuous-v0,17,oracle,2,0.0,0.0,0.0,0.9999999999999998
MountainCarContinuous-v0,17,oracle,4,0.0,0.0,0.0,0.9999999999999998
MountainCarContinuous-v0,17,oracle,8,0.0,0.0,0.0,0.9999999999999998
MountainCarContinuous-v0,17,oracle,16,0.0,0.0,0.0,0.9999999999999998
MountainCarContinuous-v0,17,oracle,32,0.0,0.0,0.0,0.9999999999999998
MountainCarContinuous-v0,17,oracle,64,0.0,0.0,0.0,0.9999999999999998
MountainCarContinuous-v0,17,raw_ridge_minus_random,1,0.0,,,
MountainCarContinuous-v0,17,raw_ridge_minus_random,2,0.0,,,
MountainCarContinuous-v0,17,raw_ridge_minus_random,4,0.009578772350654748,,,
MountainCarContinuous-v0,17,raw_ridge_minus_random,8,0.008610161212040265,,,
MountainCarContinuous-v0,17,raw_ridge_minus_random,16,0.008610161212040265,,,
MountainCarContinuous-v0,17,raw_ridge_minus_random,32,0.03250699633276102,,,
MountainCarContinuous-v0,17,raw_ridge_minus_random,64,0.05021273929096953,,,
MountainCarContinuous-v0,17,lcb_ridge_minus_random,1,0.0,,,
MountainCarContinuous-v0,17,lcb_ridge_minus_random,2,0.0,,,
MountainCarContinuous-v0,17,lcb_ridge_minus_random,4,0.009578772350654748,,,
MountainCarContinuous-v0,17,lcb_ridge_minus_random,8,0.008610161212040265,,,
MountainCarContinuous-v0,17,lcb_ridge_minus_random,16,0.008610161212040265,,,
MountainCarContinuous-v0,17,lcb_ridge_minus_random,32,0.03250699633276102,,,
MountainCarContinuous-v0,17,lcb_ridge_minus_random,64,0.05021273929096953,,,
MountainCarContinuous-v0,17,anti_ridge_minus_random,1,0.0,,,
MountainCarContinuous-v0,17,anti_ridge_minus_random,2,-0.09999999999999987,,,
MountainCarContinuous-v0,17,anti_ridge_minus_random,4,-0.09042122764934513,,,
MountainCarContinuous-v0,17,anti_ridge_minus_random,8,-0.0913898387879596,,,
MountainCarContinuous-v0,17,anti_ridge_minus_random,16,-0.0913898387879596,,,
MountainCarContinuous-v0,17,anti_ridge_minus_random,32,-0.06749300366723884,,,
MountainCarContinuous-v0,17,anti_ridge_minus_random,64,-0.049787260709030334,,,
MountainCarContinuous-v0,17,oracle_minus_random,1,0.0,,,
MountainCarContinuous-v0,17,oracle_minus_random,2,0.0,,,
MountainCarContinuous-v0,17,oracle_minus_random,4,0.009578772350654748,,,
MountainCarContinuous-v0,17,oracle_minus_random,8,0.008610161212040265,,,
MountainCarContinuous-v0,17,oracle_minus_random,16,0.008610161212040265,,,
MountainCarContinuous-v0,17,oracle_minus_random,32,0.03250699633276102,,,
MountainCarContinuous-v0,17,oracle_minus_random,64,0.05021273929096953,,,
